day,url,role,expected_sha256,actual_sha256,hash_match,download_ok,parse_ok,rows,duplicate_timestamp_rows,timestamp_unit_source,first_open_utc,last_open_utc,full_day_5m_continuity,error
2021-02-23,https://data.binance.vision/data/spot/daily/klines/BTCUSDT/5m/BTCUSDT-5m-2021-02-23.zip,EVENT_DAY,f672fca35acce565062e7f353d4eb543aceb17c904dbf36d37dea46431bb6152,f672fca35acce565062e7f353d4eb543aceb17c904dbf36d37dea46431bb6152,True,True,True,288,0,milliseconds,2021-02-23T00:00:00+00:00,2021-02-23T23:55:00+00:00,True,
2021-02-24,https://data.binance.vision/data/spot/daily/klines/BTCUSDT/5m/BTCUSDT-5m-2021-02-24.zip,NEXT_DAY,,ba10f8c5f2ebe52af3f99b7076907a921b28c74e5818eca7aed93fe1868c2257,NOT_PREDECLARED,True,True,288,0,milliseconds,2021-02-24T00:00:00+00:00,2021-02-24T23:55:00+00:00,True,
2021-02-25,https://data.binance.vision/data/spot/daily/klines/BTCUSDT/5m/BTCUSDT-5m-2021-02-25.zip,EVENT_DAY,89c295bd7bb9d5fa7dd08aeac124c8981c22fff163e2345fb6d9256f48ca3674,89c295bd7bb9d5fa7dd08aeac124c8981c22fff163e2345fb6d9256f48ca3674,True,True,True,288,0,milliseconds,2021-02-25T00:00:00+00:00,2021-02-25T23:55:00+00:00,True,
2021-02-26,https://data.binance.vision/data/spot/daily/klines/BTCUSDT/5m/BTCUSDT-5m-2021-02-26.zip,NEXT_DAY,,dd0d2629d887629f2decc74df118ceeea8ad7de57607f51c570c83e54a26988b,NOT_PREDECLARED,True,True,288,0,milliseconds,2021-02-26T00:00:00+00:00,2021-02-26T23:55:00+00:00,True,
2021-03-05,https://data.binance.vision/data/spot/daily/klines/BTCUSDT/5m/BTCUSDT-5m-2021-03-05.zip,EVENT_DAY,78d726097f36155cb7eb869502e84ff136958d95afaedea7a66daf310c5762ed,78d726097f36155cb7eb869502e84ff136958d95afaedea7a66daf310c5762ed,True,True,True,288,0,milliseconds,2021-03-05T00:00:00+00:00,2021-03-05T23:55:00+00:00,True,
2021-03-06,https://data.binance.vision/data/spot/daily/klines/BTCUSDT/5m/BTCUSDT-5m-2021-03-06.zip,NEXT_DAY,,75c869e0729eb2c2a4cba1a163f5ed72cc6a57a508242ef07960e174820a66fb,NOT_PREDECLARED,True,True,270,0,milliseconds,2021-03-06T00:00:00+00:00,2021-03-06T23:55:00+00:00,False,
2021-03-13,https://data.binance.vision/data/spot/daily/klines/BTCUSDT/5m/BTCUSDT-5m-2021-03-13.zip,EVENT_DAY,f4b9d910ac7fa6438630b679cdce2f0fe17c6c5ada4a8cc3e661ad9d2bc261cf,f4b9d910ac7fa6438630b679cdce2f0fe17c6c5ada4a8cc3e661ad9d2bc261cf,True,True,True,288,0,milliseconds,2021-03-13T00:00:00+00:00,2021-03-13T23:55:00+00:00,True,
2021-03-14,https://data.binance.vision/data/spot/daily/klines/BTCUSDT/5m/BTCUSDT-5m-2021-03-14.zip,NEXT_DAY,,08dfa54f2481efdb3e94610edb1a90ea2f7fd9c88be5d0cf8f13d7f12668e005,NOT_PREDECLARED,True,True,288,0,milliseconds,2021-03-14T00:00:00+00:00,2021-03-14T23:55:00+00:00,True,
2021-04-06,https://data.binance.vision/data/spot/daily/klines/BTCUSDT/5m/BTCUSDT-5m-2021-04-06.zip,EVENT_DAY,3b94375df599504c7586b45c20ad0cf5fba4cc36c65759b25e777c70539e5107,3b94375df599504c7586b45c20ad0cf5fba4cc36c65759b25e777c70539e5107,True,True,True,288,0,milliseconds,2021-04-06T00:00:00+00:00,2021-04-06T23:55:00+00:00,True,
2021-04-07,https://data.binance.vision/data/spot/daily/klines/BTCUSDT/5m/BTCUSDT-5m-2021-04-07.zip,NEXT_DAY,,31174e456f7d8005e27f49ad7ea18097bfcc2cf3ee8342d93461a373f5b26d88,NOT_PREDECLARED,True,True,288,0,milliseconds,2021-04-07T00:00:00+00:00,2021-04-07T23:55:00+00:00,True,
2021-04-15,https://data.binance.vision/data/spot/daily/klines/BTCUSDT/5m/BTCUSDT-5m-2021-04-15.zip,EVENT_DAY,9f44bd96437630cf5a5f11b85ec77ef8043213ae0b7a91d98533138fbc42ffaf,9f44bd96437630cf5a5f11b85ec77ef8043213ae0b7a91d98533138fbc42ffaf,True,True,True,288,0,milliseconds,2021-04-15T00:00:00+00:00,2021-04-15T23:55:00+00:00,True,
2021-04-16,https://data.binance.vision/data/spot/daily/klines/BTCUSDT/5m/BTCUSDT-5m-2021-04-16.zip,NEXT_DAY,,409daa0a09670d40e5cc52304c2ca52f81284b49451bb92be8775a06322c27e0,NOT_PREDECLARED,True,True,288,0,milliseconds,2021-04-16T00:00:00+00:00,2021-04-16T23:55:00+00:00,True,
2021-05-10,https://data.binance.vision/data/spot/daily/klines/BTCUSDT/5m/BTCUSDT-5m-2021-05-10.zip,EVENT_DAY,cb5666640792a2a54f66998218ac521879d938ae5fb24b99951ceac0addc9d1b,cb5666640792a2a54f66998218ac521879d938ae5fb24b99951ceac0addc9d1b,True,True,True,288,0,milliseconds,2021-05-10T00:00:00+00:00,2021-05-10T23:55:00+00:00,True,
2021-05-11,https://data.binance.vision/data/spot/daily/klines/BTCUSDT/5m/BTCUSDT-5m-2021-05-11.zip,NEXT_DAY,,a312dafdb2c22cc3220e67362f67d6844de81259f6e29f2b11c8792062598928,NOT_PREDECLARED,True,True,288,0,milliseconds,2021-05-11T00:00:00+00:00,2021-05-11T23:55:00+00:00,True,
2021-05-14,https://data.binance.vision/data/spot/daily/klines/BTCUSDT/5m/BTCUSDT-5m-2021-05-14.zip,EVENT_DAY,4304c92427b5d18bc970caf2637b54ae2507629231fb260c6af828f986a5c287,4304c92427b5d18bc970caf2637b54ae2507629231fb260c6af828f986a5c287,True,True,True,288,0,milliseconds,2021-05-14T00:00:00+00:00,2021-05-14T23:55:00+00:00,True,
2021-05-15,https://data.binance.vision/data/spot/daily/klines/BTCUSDT/5m/BTCUSDT-5m-2021-05-15.zip,NEXT_DAY,,6ef5e7402537f65aaa30d1f721508b67816fa2b3976a05e654ae175fcd6be144,NOT_PREDECLARED,True,True,288,0,milliseconds,2021-05-15T00:00:00+00:00,2021-05-15T23:55:00+00:00,True,
2021-06-17,https://data.binance.vision/data/spot/daily/klines/BTCUSDT/5m/BTCUSDT-5m-2021-06-17.zip,EVENT_DAY,cbd29aeb1d65e722d00b6b05b779e8f9d249c91e899272ddc5c49ba60311f2dc,cbd29aeb1d65e722d00b6b05b779e8f9d249c91e899272ddc5c49ba60311f2dc,True,True,True,288,0,milliseconds,2021-06-17T00:00:00+00:00,2021-06-17T23:55:00+00:00,True,
2021-06-18,https://data.binance.vision/data/spot/daily/klines/BTCUSDT/5m/BTCUSDT-5m-2021-06-18.zip,EVENT_DAY,04cabd8f051f4dec3ca4f59a86fde7fc4bc35770fd3440e32b64d602c276b82e,04cabd8f051f4dec3ca4f59a86fde7fc4bc35770fd3440e32b64d602c276b82e,True,True,True,288,0,milliseconds,2021-06-18T00:00:00+00:00,2021-06-18T23:55:00+00:00,True,
2021-06-19,https://data.binance.vision/data/spot/daily/klines/BTCUSDT/5m/BTCUSDT-5m-2021-06-19.zip,NEXT_DAY,,8b50b261c067ac91bff6697b38fafb6c71453f88be6ad8f3a0dba620a8b3f917,NOT_PREDECLARED,True,True,288,0,milliseconds,2021-06-19T00:00:00+00:00,2021-06-19T23:55:00+00:00,True,
2021-07-10,https://data.binance.vision/data/spot/daily/klines/BTCUSDT/5m/BTCUSDT-5m-2021-07-10.zip,EVENT_DAY,9dd9df858c77786eb68a04c8b102bd379d66f74a3c27d0d66c9284c272ac6c8d,9dd9df858c77786eb68a04c8b102bd379d66f74a3c27d0d66c9284c272ac6c8d,True,True,True,288,0,milliseconds,2021-07-10T00:00:00+00:00,2021-07-10T23:55:00+00:00,True,
2021-07-11,https://data.binance.vision/data/spot/daily/klines/BTCUSDT/5m/BTCUSDT-5m-2021-07-11.zip,NEXT_DAY,,2c4dd9ef55142a6dded02a78d0d6001bf8360165174c16a683816da6d12fba03,NOT_PREDECLARED,True,True,288,0,milliseconds,2021-07-11T00:00:00+00:00,2021-07-11T23:55:00+00:00,True,
2021-07-12,https://data.binance.vision/data/spot/daily/klines/BTCUSDT/5m/BTCUSDT-5m-2021-07-12.zip,EVENT_DAY,d87a3bcd8712e99950ea15525fc8b58dda896516e52b56fa38cb6e751f28f870,d87a3bcd8712e99950ea15525fc8b58dda896516e52b56fa38cb6e751f28f870,True,True,True,288,0,milliseconds,2021-07-12T00:00:00+00:00,2021-07-12T23:55:00+00:00,True,
2021-07-13,https://data.binance.vision/data/spot/daily/klines/BTCUSDT/5m/BTCUSDT-5m-2021-07-13.zip,EVENT_DAY,36b095de37060272514411f8ea87e0ac0c89ffc5be64677e05295b4cd47b6ba2,36b095de37060272514411f8ea87e0ac0c89ffc5be64677e05295b4cd47b6ba2,True,True,True,288,0,milliseconds,2021-07-13T00:00:00+00:00,2021-07-13T23:55:00+00:00,True,
2021-07-14,https://data.binance.vision/data/spot/daily/klines/BTCUSDT/5m/BTCUSDT-5m-2021-07-14.zip,NEXT_DAY,,c0f91662224f835e438921cd038f14c24a93c7213457a37b0cc982b1c1fbc55a,NOT_PREDECLARED,True,True,288,0,milliseconds,2021-07-14T00:00:00+00:00,2021-07-14T23:55:00+00:00,True,
2021-08-07,https://data.binance.vision/data/spot/daily/klines/BTCUSDT/5m/BTCUSDT-5m-2021-08-07.zip,EVENT_DAY,5dec70e9dd07f7da075e32bbd3c0fcf300f3124a1f2dfc0cbb89c6f85cdc763e,5dec70e9dd07f7da075e32bbd3c0fcf300f3124a1f2dfc0cbb89c6f85cdc763e,True,True,True,288,0,milliseconds,2021-08-07T00:00:00+00:00,2021-08-07T23:55:00+00:00,True,
2021-08-08,https://data.binance.vision/data/spot/daily/klines/BTCUSDT/5m/BTCUSDT-5m-2021-08-08.zip,NEXT_DAY,,30b027f2b6fcdee8ae0c221e20ad77cfa1679c2d0e7562d1d54dc1b0ba6a6450,NOT_PREDECLARED,True,True,288,0,milliseconds,2021-08-08T00:00:00+00:00,2021-08-08T23:55:00+00:00,True,
2021-08-19,https://data.binance.vision/data/spot/daily/klines/BTCUSDT/5m/BTCUSDT-5m-2021-08-19.zip,EVENT_DAY,e82324a7b5fc8e94b1a45cde56093c7cdc086814c255d7098ac3deb2554ba804,e82324a7b5fc8e94b1a45cde56093c7cdc086814c255d7098ac3deb2554ba804,True,True,True,288,0,milliseconds,2021-08-19T00:00:00+00:00,2021-08-19T23:55:00+00:00,True,
2021-08-20,https://data.binance.vision/data/spot/daily/klines/BTCUSDT/5m/BTCUSDT-5m-2021-08-20.zip,NEXT_DAY,,0d565ef2a4afcdebc3a99f582a7f714b9accf793b5c64775b0ada90a593815ee,NOT_PREDECLARED,True,True,288,0,milliseconds,2021-08-20T00:00:00+00:00,2021-08-20T23:55:00+00:00,True,
2021-08-30,https://data.binance.vision/data/spot/daily/klines/BTCUSDT/5m/BTCUSDT-5m-2021-08-30.zip,EVENT_DAY,afb977605e44df12eb797bdcb191d5d34e39963de7788e0955b46f9e3f8cefdc,afb977605e44df12eb797bdcb191d5d34e39963de7788e0955b46f9e3f8cefdc,True,True,True,288,0,milliseconds,2021-08-30T00:00:00+00:00,2021-08-30T23:55:00+00:00,True,
2021-08-31,https://data.binance.vision/data/spot/daily/klines/BTCUSDT/5m/BTCUSDT-5m-2021-08-31.zip,NEXT_DAY,,3eed3e2294327c12fb0bae044a0974e5e08d50ec4a01a8af20fe694e8665e800,NOT_PREDECLARED,True,True,288,0,milliseconds,2021-08-31T00:00:00+00:00,2021-08-31T23:55:00+00:00,True,
2021-09-09,https://data.binance.vision/data/spot/daily/klines/BTCUSDT/5m/BTCUSDT-5m-2021-09-09.zip,EVENT_DAY,50abc05fea32327ca06c01d57de9e995240a4f5eb3d16aa94aa60e784b7d08f6,50abc05fea32327ca06c01d57de9e995240a4f5eb3d16aa94aa60e784b7d08f6,True,True,True,288,0,milliseconds,2021-09-09T00:00:00+00:00,2021-09-09T23:55:00+00:00,True,
2021-09-10,https://data.binance.vision/data/spot/daily/klines/BTCUSDT/5m/BTCUSDT-5m-2021-09-10.zip,NEXT_DAY,,7ccb12ca55571bc01264ae0247ca0a71fada5ab903c921d66147919322792246,NOT_PREDECLARED,True,True,288,0,milliseconds,2021-09-10T00:00:00+00:00,2021-09-10T23:55:00+00:00,True,
2021-09-23,https://data.binance.vision/data/spot/daily/klines/BTCUSDT/5m/BTCUSDT-5m-2021-09-23.zip,EVENT_DAY,4655cadb7c9b69848fe818c36b897433437bb454b773247e0308d5d6ce82fe5f,4655cadb7c9b69848fe818c36b897433437bb454b773247e0308d5d6ce82fe5f,True,True,True,288,0,milliseconds,2021-09-23T00:00:00+00:00,2021-09-23T23:55:00+00:00,True,
2021-09-24,https://data.binance.vision/data/spot/daily/klines/BTCUSDT/5m/BTCUSDT-5m-2021-09-24.zip,NEXT_DAY,,06d6b7090ac61c7e74a2f81f8783ef21504de9cb8d6f05a438bf0833496607e5,NOT_PREDECLARED,True,True,288,0,milliseconds,2021-09-24T00:00:00+00:00,2021-09-24T23:55:00+00:00,True,
2021-10-05,https://data.binance.vision/data/spot/daily/klines/BTCUSDT/5m/BTCUSDT-5m-2021-10-05.zip,EVENT_DAY,926681d5a0aa58f55ce25e0d826eaf4ea8bcab732610265338a64a41c7f983c0,926681d5a0aa58f55ce25e0d826eaf4ea8bcab732610265338a64a41c7f983c0,True,True,True,288,0,milliseconds,2021-10-05T00:00:00+00:00,2021-10-05T23:55:00+00:00,True,
2021-10-06,https://data.binance.vision/data/spot/daily/klines/BTCUSDT/5m/BTCUSDT-5m-2021-10-06.zip,NEXT_DAY,,26aec4989ade8f689d1bab5eb7ab1088993431b4d6829a323eb3ecd9be2b4361,NOT_PREDECLARED,True,True,288,0,milliseconds,2021-10-06T00:00:00+00:00,2021-10-06T23:55:00+00:00,True,
2021-10-19,https://data.binance.vision/data/spot/daily/klines/BTCUSDT/5m/BTCUSDT-5m-2021-10-19.zip,EVENT_DAY,48cd31f505b1240a425ed966a5c8a8fbc8671f264ec1e726b4c1c79c058c5d52,48cd31f505b1240a425ed966a5c8a8fbc8671f264ec1e726b4c1c79c058c5d52,True,True,True,288,0,milliseconds,2021-10-19T00:00:00+00:00,2021-10-19T23:55:00+00:00,True,
2021-10-20,https://data.binance.vision/data/spot/daily/klines/BTCUSDT/5m/BTCUSDT-5m-2021-10-20.zip,NEXT_DAY,,1937bf67f6176460168a32bb7fe7749fc710f5c68293a53919a7e6ec80037e1e,NOT_PREDECLARED,True,True,288,0,milliseconds,2021-10-20T00:00:00+00:00,2021-10-20T23:55:00+00:00,True,
2021-10-24,https://data.binance.vision/data/spot/daily/klines/BTCUSDT/5m/BTCUSDT-5m-2021-10-24.zip,EVENT_DAY,b60cc8ec0cb08c042f91f020a3e86383b3205f60a19dfc6575139ac640f173bd,b60cc8ec0cb08c042f91f020a3e86383b3205f60a19dfc6575139ac640f173bd,True,True,True,288,0,milliseconds,2021-10-24T00:00:00+00:00,2021-10-24T23:55:00+00:00,True,
2021-10-25,https://data.binance.vision/data/spot/daily/klines/BTCUSDT/5m/BTCUSDT-5m-2021-10-25.zip,NEXT_DAY,,6b55e75017b8e61d07ca5e95e376fc05afa9d636de4d89f6293b91318affcfc5,NOT_PREDECLARED,True,True,288,0,milliseconds,2021-10-25T00:00:00+00:00,2021-10-25T23:55:00+00:00,True,
2021-10-30,https://data.binance.vision/data/spot/daily/klines/BTCUSDT/5m/BTCUSDT-5m-2021-10-30.zip,EVENT_DAY,252fa1ace04cff37454d2201bc6e6044e477ca5e42a0684dd8813648a97346f8,252fa1ace04cff37454d2201bc6e6044e477ca5e42a0684dd8813648a97346f8,True,True,True,288,0,milliseconds,2021-10-30T00:00:00+00:00,2021-10-30T23:55:00+00:00,True,
2021-10-31,https://data.binance.vision/data/spot/daily/klines/BTCUSDT/5m/BTCUSDT-5m-2021-10-31.zip,NEXT_DAY,,492b2f26cd5c57ad689142341a9c6d797e76db676b4a1320c1fe2effbc285755,NOT_PREDECLARED,True,True,288,0,milliseconds,2021-10-31T00:00:00+00:00,2021-10-31T23:55:00+00:00,True,
2021-11-06,https://data.binance.vision/data/spot/daily/klines/BTCUSDT/5m/BTCUSDT-5m-2021-11-06.zip,EVENT_DAY,a0ac41c17bd9ba9e666d46f3f4639c55b5730fd6a21e24e728c4b420e37c940c,a0ac41c17bd9ba9e666d46f3f4639c55b5730fd6a21e24e728c4b420e37c940c,True,True,True,288,0,milliseconds,2021-11-06T00:00:00+00:00,2021-11-06T23:55:00+00:00,True,
2021-11-07,https://data.binance.vision/data/spot/daily/klines/BTCUSDT/5m/BTCUSDT-5m-2021-11-07.zip,NEXT_DAY,,b2f560c8ff4a7c8070e566fc9d50c4078422eec454e1ac8a5b7a2b5e92d376dc,NOT_PREDECLARED,True,True,288,0,milliseconds,2021-11-07T00:00:00+00:00,2021-11-07T23:55:00+00:00,True,
2021-11-20,https://data.binance.vision/data/spot/daily/klines/BTCUSDT/5m/BTCUSDT-5m-2021-11-20.zip,EVENT_DAY,d395f66c70ea19b5337e888c59b89697cc351ac9f88c056dc791870092388ea6,d395f66c70ea19b5337e888c59b89697cc351ac9f88c056dc791870092388ea6,True,True,True,288,0,milliseconds,2021-11-20T00:00:00+00:00,2021-11-20T23:55:00+00:00,True,
2021-11-21,https://data.binance.vision/data/spot/daily/klines/BTCUSDT/5m/BTCUSDT-5m-2021-11-21.zip,NEXT_DAY,,8bb8609f64a911605cdc691b71935e9887d038b3b9b619da6aa876c2a43ace93,NOT_PREDECLARED,True,True,288,0,milliseconds,2021-11-21T00:00:00+00:00,2021-11-21T23:55:00+00:00,True,
2021-11-22,https://data.binance.vision/data/spot/daily/klines/BTCUSDT/5m/BTCUSDT-5m-2021-11-22.zip,EVENT_DAY,044a55fe41e355d32b011ee49dfe285444ca350f203ea42ecf83e4451730a4d8,044a55fe41e355d32b011ee49dfe285444ca350f203ea42ecf83e4451730a4d8,True,True,True,288,0,milliseconds,2021-11-22T00:00:00+00:00,2021-11-22T23:55:00+00:00,True,
2021-11-23,https://data.binance.vision/data/spot/daily/klines/BTCUSDT/5m/BTCUSDT-5m-2021-11-23.zip,NEXT_DAY,,1b8d471a4426b6306f34803aee26fda051b3b80254993a7ba18714ad4bbd1a30,NOT_PREDECLARED,True,True,288,0,milliseconds,2021-11-23T00:00:00+00:00,2021-11-23T23:55:00+00:00,True,
2021-12-03,https://data.binance.vision/data/spot/daily/klines/BTCUSDT/5m/BTCUSDT-5m-2021-12-03.zip,EVENT_DAY,62f8d5f100a5d1b2efe2212a28b261192ddd60e9ae46dc14a3db233e83e6cfca,62f8d5f100a5d1b2efe2212a28b261192ddd60e9ae46dc14a3db233e83e6cfca,True,True,True,288,0,milliseconds,2021-12-03T00:00:00+00:00,2021-12-03T23:55:00+00:00,True,
2021-12-04,https://data.binance.vision/data/spot/daily/klines/BTCUSDT/5m/BTCUSDT-5m-2021-12-04.zip,NEXT_DAY,,b56aa801ad436221500fa332688dc77003f2d80f77c0ac344a962d36712ada27,NOT_PREDECLARED,True,True,288,0,milliseconds,2021-12-04T00:00:00+00:00,2021-12-04T23:55:00+00:00,True,
2021-12-09,https://data.binance.vision/data/spot/daily/klines/BTCUSDT/5m/BTCUSDT-5m-2021-12-09.zip,EVENT_DAY,81715107bd1ec3f54cb05f79857f17cce2f4cac8399296270cc6702e515a98ec,81715107bd1ec3f54cb05f79857f17cce2f4cac8399296270cc6702e515a98ec,True,True,True,288,0,milliseconds,2021-12-09T00:00:00+00:00,2021-12-09T23:55:00+00:00,True,
2021-12-10,https://data.binance.vision/data/spot/daily/klines/BTCUSDT/5m/BTCUSDT-5m-2021-12-10.zip,NEXT_DAY,,81b35abf34778051178b018e7152fd427b74235618ef7179a473f5fecb19324a,NOT_PREDECLARED,True,True,288,0,milliseconds,2021-12-10T00:00:00+00:00,2021-12-10T23:55:00+00:00,True,
2021-12-16,https://data.binance.vision/data/spot/daily/klines/BTCUSDT/5m/BTCUSDT-5m-2021-12-16.zip,EVENT_DAY,11581d91220b7639d9ea414715954452bdb0c8f9835862e60489150d9768b7ee,11581d91220b7639d9ea414715954452bdb0c8f9835862e60489150d9768b7ee,True,True,True,288,0,milliseconds,2021-12-16T00:00:00+00:00,2021-12-16T23:55:00+00:00,True,
2021-12-17,https://data.binance.vision/data/spot/daily/klines/BTCUSDT/5m/BTCUSDT-5m-2021-12-17.zip,NEXT_DAY,,c3cb51529f48d1e5efb41db1fd86c49f1caf89376da66061f5515bbed20068ae,NOT_PREDECLARED,True,True,288,0,milliseconds,2021-12-17T00:00:00+00:00,2021-12-17T23:55:00+00:00,True,
2021-12-19,https://data.binance.vision/data/spot/daily/klines/BTCUSDT/5m/BTCUSDT-5m-2021-12-19.zip,EVENT_DAY,52f277e7295e963e2a89e30b723d8ebc9a06d3dfeef36815cd88591ff9fbc3bc,52f277e7295e963e2a89e30b723d8ebc9a06d3dfeef36815cd88591ff9fbc3bc,True,True,True,288,0,milliseconds,2021-12-19T00:00:00+00:00,2021-12-19T23:55:00+00:00,True,
2021-12-20,https://data.binance.vision/data/spot/daily/klines/BTCUSDT/5m/BTCUSDT-5m-2021-12-20.zip,NEXT_DAY,,ced8e222062769265a5b4c1586a4d3707008101c70904a9148051f7d66203ba5,NOT_PREDECLARED,True,True,288,0,milliseconds,2021-12-20T00:00:00+00:00,2021-12-20T23:55:00+00:00,True,
2021-12-23,https://data.binance.vision/data/spot/daily/klines/BTCUSDT/5m/BTCUSDT-5m-2021-12-23.zip,EVENT_DAY,b6ae9d648f376105d88903ae2a0d3108e236424d2b8ecc8a463b45f3ebd43d17,b6ae9d648f376105d88903ae2a0d3108e236424d2b8ecc8a463b45f3ebd43d17,True,True,True,288,0,milliseconds,2021-12-23T00:00:00+00:00,2021-12-23T23:55:00+00:00,True,
2021-12-24,https://data.binance.vision/data/spot/daily/klines/BTCUSDT/5m/BTCUSDT-5m-2021-12-24.zip,NEXT_DAY,,59538cdee3fc9d0a510d9d1be6fc85a9c77ceecb854efae95445a2fc39982818,NOT_PREDECLARED,True,True,288,0,milliseconds,2021-12-24T00:00:00+00:00,2021-12-24T23:55:00+00:00,True,
2021-12-28,https://data.binance.vision/data/spot/daily/klines/BTCUSDT/5m/BTCUSDT-5m-2021-12-28.zip,EVENT_DAY,a25180a3285b7fadcc61728affd0a2f38c5cab64694f84cd1b630eac4f7bb6c6,a25180a3285b7fadcc61728affd0a2f38c5cab64694f84cd1b630eac4f7bb6c6,True,True,True,288,0,milliseconds,2021-12-28T00:00:00+00:00,2021-12-28T23:55:00+00:00,True,
2021-12-29,https://data.binance.vision/data/spot/daily/klines/BTCUSDT/5m/BTCUSDT-5m-2021-12-29.zip,EVENT_DAY,82cad368eb3b236924965359fbacc60b0be92fad813025b6fc250847d8663209,82cad368eb3b236924965359fbacc60b0be92fad813025b6fc250847d8663209,True,True,True,288,0,milliseconds,2021-12-29T00:00:00+00:00,2021-12-29T23:55:00+00:00,True,
2021-12-30,https://data.binance.vision/data/spot/daily/klines/BTCUSDT/5m/BTCUSDT-5m-2021-12-30.zip,NEXT_DAY,,2a94f4825aa199b589edef223bd478fec83b5d8a9165ce30025beba0dc041db6,NOT_PREDECLARED,True,True,288,0,milliseconds,2021-12-30T00:00:00+00:00,2021-12-30T23:55:00+00:00,True,
2021-12-31,https://data.binance.vision/data/spot/daily/klines/BTCUSDT/5m/BTCUSDT-5m-2021-12-31.zip,EVENT_DAY,2e9625e8f9efaf1b3c691ebab63de75f024a9d4791f5c6148c8fe65e3bca9bab,2e9625e8f9efaf1b3c691ebab63de75f024a9d4791f5c6148c8fe65e3bca9bab,True,True,True,288,0,milliseconds,2021-12-31T00:00:00+00:00,2021-12-31T23:55:00+00:00,True,
2022-01-01,https://data.binance.vision/data/spot/daily/klines/BTCUSDT/5m/BTCUSDT-5m-2022-01-01.zip,NEXT_DAY,,ca8392ae2f7cd90000aa20aeeaeb525f37bf4e0f2fb655f55514befec0492d48,NOT_PREDECLARED,True,True,288,0,milliseconds,2022-01-01T00:00:00+00:00,2022-01-01T23:55:00+00:00,True,
2022-01-05,https://data.binance.vision/data/spot/daily/klines/BTCUSDT/5m/BTCUSDT-5m-2022-01-05.zip,EVENT_DAY,18a84692f259a23a525e131e3990c332d93bb989438800ce06b0dc88e45f1a9f,18a84692f259a23a525e131e3990c332d93bb989438800ce06b0dc88e45f1a9f,True,True,True,288,0,milliseconds,2022-01-05T00:00:00+00:00,2022-01-05T23:55:00+00:00,True,
2022-01-06,https://data.binance.vision/data/spot/daily/klines/BTCUSDT/5m/BTCUSDT-5m-2022-01-06.zip,NEXT_DAY,,a106d1fbaf342bcadff9f3b70288b546b19b5f6d8027ded97d43cbcda800934b,NOT_PREDECLARED,True,True,288,0,milliseconds,2022-01-06T00:00:00+00:00,2022-01-06T23:55:00+00:00,True,
2022-01-24,https://data.binance.vision/data/spot/daily/klines/BTCUSDT/5m/BTCUSDT-5m-2022-01-24.zip,EVENT_DAY,a5b402a4384ccaafef39de80c7cf7e705b050689fed161daf0fe6d5f8ffdeedb,a5b402a4384ccaafef39de80c7cf7e705b050689fed161daf0fe6d5f8ffdeedb,True,True,True,288,0,milliseconds,2022-01-24T00:00:00+00:00,2022-01-24T23:55:00+00:00,True,
2022-01-25,https://data.binance.vision/data/spot/daily/klines/BTCUSDT/5m/BTCUSDT-5m-2022-01-25.zip,NEXT_DAY,,9f6bf841434e58d2ab492ac0bf3299e21de29192e804f31410504f680724e141,NOT_PREDECLARED,True,True,288,0,milliseconds,2022-01-25T00:00:00+00:00,2022-01-25T23:55:00+00:00,True,
2022-01-30,https://data.binance.vision/data/spot/daily/klines/BTCUSDT/5m/BTCUSDT-5m-2022-01-30.zip,EVENT_DAY,26f695672534b99285b94374eb5f759dfc392d75345e0a41b52027f8636e3291,26f695672534b99285b94374eb5f759dfc392d75345e0a41b52027f8636e3291,True,True,True,288,0,milliseconds,2022-01-30T00:00:00+00:00,2022-01-30T23:55:00+00:00,True,
2022-01-31,https://data.binance.vision/data/spot/daily/klines/BTCUSDT/5m/BTCUSDT-5m-2022-01-31.zip,NEXT_DAY,,472f37c538a82290111bac42dc71495e20901db4fd11720c700eae25b479ce18,NOT_PREDECLARED,True,True,288,0,milliseconds,2022-01-31T00:00:00+00:00,2022-01-31T23:55:00+00:00,True,
2022-02-10,https://data.binance.vision/data/spot/daily/klines/BTCUSDT/5m/BTCUSDT-5m-2022-02-10.zip,EVENT_DAY,e24481b27c0226ec1564a0ee359606bf44fd1f5daf97af4ff2de7e4b62ef2cb1,e24481b27c0226ec1564a0ee359606bf44fd1f5daf97af4ff2de7e4b62ef2cb1,True,True,True,288,0,milliseconds,2022-02-10T00:00:00+00:00,2022-02-10T23:55:00+00:00,True,
2022-02-11,https://data.binance.vision/data/spot/daily/klines/BTCUSDT/5m/BTCUSDT-5m-2022-02-11.zip,NEXT_DAY,,5519387d5a1cc1497b3bfc841b9b09133b3ab31ca47c0bd891cd3848e5048071,NOT_PREDECLARED,True,True,288,0,milliseconds,2022-02-11T00:00:00+00:00,2022-02-11T23:55:00+00:00,True,
2022-02-16,https://data.binance.vision/data/spot/daily/klines/BTCUSDT/5m/BTCUSDT-5m-2022-02-16.zip,EVENT_DAY,81485a4f16412f9ccf670cb8ccb93df04850ab4c9768532d9226fdfe84e5326c,81485a4f16412f9ccf670cb8ccb93df04850ab4c9768532d9226fdfe84e5326c,True,True,True,288,0,milliseconds,2022-02-16T00:00:00+00:00,2022-02-16T23:55:00+00:00,True,
2022-02-17,https://data.binance.vision/data/spot/daily/klines/BTCUSDT/5m/BTCUSDT-5m-2022-02-17.zip,NEXT_DAY,,ff136242e15fe85fce02329640bdb7cd6e569eaf91453e69aed79baee32cd8df,NOT_PREDECLARED,True,True,288,0,milliseconds,2022-02-17T00:00:00+00:00,2022-02-17T23:55:00+00:00,True,
2022-02-23,https://data.binance.vision/data/spot/daily/klines/BTCUSDT/5m/BTCUSDT-5m-2022-02-23.zip,EVENT_DAY,702f9d34373646077ff5eabbea50ae29ef1df68e535db276032e6a83c21e6c6a,702f9d34373646077ff5eabbea50ae29ef1df68e535db276032e6a83c21e6c6a,True,True,True,288,0,milliseconds,2022-02-23T00:00:00+00:00,2022-02-23T23:55:00+00:00,True,
2022-02-24,https://data.binance.vision/data/spot/daily/klines/BTCUSDT/5m/BTCUSDT-5m-2022-02-24.zip,NEXT_DAY,,648acb61c6c9bec7f7ee00bd5a7be665c01c4fca6df6135d9fb555f01692bb7c,NOT_PREDECLARED,True,True,288,0,milliseconds,2022-02-24T00:00:00+00:00,2022-02-24T23:55:00+00:00,True,
2022-02-27,https://data.binance.vision/data/spot/daily/klines/BTCUSDT/5m/BTCUSDT-5m-2022-02-27.zip,EVENT_DAY,edfe02f229e0b2b0b57d19cc9ee3d4bf541768df83b7c0579dabe4c3549f459f,edfe02f229e0b2b0b57d19cc9ee3d4bf541768df83b7c0579dabe4c3549f459f,True,True,True,288,0,milliseconds,2022-02-27T00:00:00+00:00,2022-02-27T23:55:00+00:00,True,
2022-02-28,https://data.binance.vision/data/spot/daily/klines/BTCUSDT/5m/BTCUSDT-5m-2022-02-28.zip,NEXT_DAY,,4c94a4aadd72300130c0e56f4ca872b68517f3d1a5412f5dedc49e5f19e27ab6,NOT_PREDECLARED,True,True,288,0,milliseconds,2022-02-28T00:00:00+00:00,2022-02-28T23:55:00+00:00,True,
2022-03-07,https://data.binance.vision/data/spot/daily/klines/BTCUSDT/5m/BTCUSDT-5m-2022-03-07.zip,EVENT_DAY,6c9421ef8a4775e7086c110a2d8f84294fc065e74b64df36995849feda37b9ac,6c9421ef8a4775e7086c110a2d8f84294fc065e74b64df36995849feda37b9ac,True,True,True,288,0,milliseconds,2022-03-07T00:00:00+00:00,2022-03-07T23:55:00+00:00,True,
2022-03-08,https://data.binance.vision/data/spot/daily/klines/BTCUSDT/5m/BTCUSDT-5m-2022-03-08.zip,NEXT_DAY,,545fd958ef92d305599f01df7910b9100e8a0c1b4b712f53ffb282d94a5f5c14,NOT_PREDECLARED,True,True,288,0,milliseconds,2022-03-08T00:00:00+00:00,2022-03-08T23:55:00+00:00,True,
2022-03-31,https://data.binance.vision/data/spot/daily/klines/BTCUSDT/5m/BTCUSDT-5m-2022-03-31.zip,EVENT_DAY,01846ecb1ae527b5379a5399f3cedce59d0def891d275eb727ac8f8f3546cb06,01846ecb1ae527b5379a5399f3cedce59d0def891d275eb727ac8f8f3546cb06,True,True,True,288,0,milliseconds,2022-03-31T00:00:00+00:00,2022-03-31T23:55:00+00:00,True,
2022-04-01,https://data.binance.vision/data/spot/daily/klines/BTCUSDT/5m/BTCUSDT-5m-2022-04-01.zip,NEXT_DAY,,28bd14db35e877d5e0e874961f7b8cb0028ce62425ad5792390ff620ba7278c6,NOT_PREDECLARED,True,True,288,0,milliseconds,2022-04-01T00:00:00+00:00,2022-04-01T23:55:00+00:00,True,
2022-04-12,https://data.binance.vision/data/spot/daily/klines/BTCUSDT/5m/BTCUSDT-5m-2022-04-12.zip,EVENT_DAY,7957fd6b589117f0f182c0aea5f20be21dd31ce70e94de251fd5658dd1644375,7957fd6b589117f0f182c0aea5f20be21dd31ce70e94de251fd5658dd1644375,True,True,True,288,0,milliseconds,2022-04-12T00:00:00+00:00,2022-04-12T23:55:00+00:00,True,
2022-04-13,https://data.binance.vision/data/spot/daily/klines/BTCUSDT/5m/BTCUSDT-5m-2022-04-13.zip,NEXT_DAY,,7070504b5ef508156ca166956997ba6aed23a997b61ffc7d1c2b676f4de846ee,NOT_PREDECLARED,True,True,288,0,milliseconds,2022-04-13T00:00:00+00:00,2022-04-13T23:55:00+00:00,True,
2022-04-25,https://data.binance.vision/data/spot/daily/klines/BTCUSDT/5m/BTCUSDT-5m-2022-04-25.zip,EVENT_DAY,e9a0981b6813f20b14ea9d45fea0242ad736155225a74b24e060647cdd330818,e9a0981b6813f20b14ea9d45fea0242ad736155225a74b24e060647cdd330818,True,True,True,288,0,milliseconds,2022-04-25T00:00:00+00:00,2022-04-25T23:55:00+00:00,True,
2022-04-26,https://data.binance.vision/data/spot/daily/klines/BTCUSDT/5m/BTCUSDT-5m-2022-04-26.zip,NEXT_DAY,,4653f72ff4301b1c05d8592a607989f6997c0ac7103da7d51c4e47efc16edc56,NOT_PREDECLARED,True,True,288,0,milliseconds,2022-04-26T00:00:00+00:00,2022-04-26T23:55:00+00:00,True,
2022-04-29,https://data.binance.vision/data/spot/daily/klines/BTCUSDT/5m/BTCUSDT-5m-2022-04-29.zip,EVENT_DAY,0d983e72427391d1536f41e4ea6aed7e37aa0534b75b08faaac7c3bd8849e2ae,0d983e72427391d1536f41e4ea6aed7e37aa0534b75b08faaac7c3bd8849e2ae,True,True,True,288,0,milliseconds,2022-04-29T00:00:00+00:00,2022-04-29T23:55:00+00:00,True,
2022-04-30,https://data.binance.vision/data/spot/daily/klines/BTCUSDT/5m/BTCUSDT-5m-2022-04-30.zip,NEXT_DAY,,22c0ddcf506bb9975011da95a9c6b468e87cd67dd5846701f67b7013b5302501,NOT_PREDECLARED,True,True,288,0,milliseconds,2022-04-30T00:00:00+00:00,2022-04-30T23:55:00+00:00,True,
2022-05-01,https://data.binance.vision/data/spot/daily/klines/BTCUSDT/5m/BTCUSDT-5m-2022-05-01.zip,EVENT_DAY,7319114861fc2421078bbb732adefc7c9a1e76e115cc5cffaa6c959739041967,7319114861fc2421078bbb732adefc7c9a1e76e115cc5cffaa6c959739041967,True,True,True,288,0,milliseconds,2022-05-01T00:00:00+00:00,2022-05-01T23:55:00+00:00,True,
2022-05-02,https://data.binance.vision/data/spot/daily/klines/BTCUSDT/5m/BTCUSDT-5m-2022-05-02.zip,NEXT_DAY,,5e662d8c2bbeb47dd2e94a9c3766b41722dc0695d83ba2ce92fee2056e5bb394,NOT_PREDECLARED,True,True,288,0,milliseconds,2022-05-02T00:00:00+00:00,2022-05-02T23:55:00+00:00,True,
2022-05-04,https://data.binance.vision/data/spot/daily/klines/BTCUSDT/5m/BTCUSDT-5m-2022-05-04.zip,EVENT_DAY,696677a2505886f563ffa1ee5f3488868e08bb8588315de2e9e1e36082200295,696677a2505886f563ffa1ee5f3488868e08bb8588315de2e9e1e36082200295,True,True,True,288,0,milliseconds,2022-05-04T00:00:00+00:00,2022-05-04T23:55:00+00:00,True,
2022-05-05,https://data.binance.vision/data/spot/daily/klines/BTCUSDT/5m/BTCUSDT-5m-2022-05-05.zip,NEXT_DAY,,33ce81373fbd069b5027eba73e77904fb996be9a27dd6da1609dfb00df82dca4,NOT_PREDECLARED,True,True,288,0,milliseconds,2022-05-05T00:00:00+00:00,2022-05-05T23:55:00+00:00,True,
2022-05-11,https://data.binance.vision/data/spot/daily/klines/BTCUSDT/5m/BTCUSDT-5m-2022-05-11.zip,EVENT_DAY,ad79d4b0dedf27b394ed8bf80f1ce96e0f7b8238bdc27f5eec825ee89ff9569f,ad79d4b0dedf27b394ed8bf80f1ce96e0f7b8238bdc27f5eec825ee89ff9569f,True,True,True,288,0,milliseconds,2022-05-11T00:00:00+00:00,2022-05-11T23:55:00+00:00,True,
2022-05-12,https://data.binance.vision/data/spot/daily/klines/BTCUSDT/5m/BTCUSDT-5m-2022-05-12.zip,NEXT_DAY,,a2b7b517f2e3f5a4b6525c3dce9a5ed8ae7cee810448eac5bf57de32b2e19495,NOT_PREDECLARED,True,True,288,0,milliseconds,2022-05-12T00:00:00+00:00,2022-05-12T23:55:00+00:00,True,
2022-05-23,https://data.binance.vision/data/spot/daily/klines/BTCUSDT/5m/BTCUSDT-5m-2022-05-23.zip,EVENT_DAY,84d74a5c7a372233599aff9f35c5415d36c2d8b96b578703afef76bf3cbde5c4,84d74a5c7a372233599aff9f35c5415d36c2d8b96b578703afef76bf3cbde5c4,True,True,True,288,0,milliseconds,2022-05-23T00:00:00+00:00,2022-05-23T23:55:00+00:00,True,
2022-05-24,https://data.binance.vision/data/spot/daily/klines/BTCUSDT/5m/BTCUSDT-5m-2022-05-24.zip,NEXT_DAY,,7d1ac031b6fe6008a964420eb45b9526e4525e2223cf16fc3ffb29e46bc70544,NOT_PREDECLARED,True,True,288,0,milliseconds,2022-05-24T00:00:00+00:00,2022-05-24T23:55:00+00:00,True,
2022-06-09,https://data.binance.vision/data/spot/daily/klines/BTCUSDT/5m/BTCUSDT-5m-2022-06-09.zip,EVENT_DAY,3ffadcf17e35735ee182fed3568516349c41ab1270fe7dfcfbd5d790dc655abd,3ffadcf17e35735ee182fed3568516349c41ab1270fe7dfcfbd5d790dc655abd,True,True,True,288,0,milliseconds,2022-06-09T00:00:00+00:00,2022-06-09T23:55:00+00:00,True,
2022-06-10,https://data.binance.vision/data/spot/daily/klines/BTCUSDT/5m/BTCUSDT-5m-2022-06-10.zip,EVENT_DAY,011d616172c4a65b3762d5aa273d443a59d72c604af438bf26b698f0b14202f8,011d616172c4a65b3762d5aa273d443a59d72c604af438bf26b698f0b14202f8,True,True,True,288,0,milliseconds,2022-06-10T00:00:00+00:00,2022-06-10T23:55:00+00:00,True,
2022-06-11,https://data.binance.vision/data/spot/daily/klines/BTCUSDT/5m/BTCUSDT-5m-2022-06-11.zip,NEXT_DAY,,a749f6f6e2c71105468043c02f96de9537a92de4f66845e7a665650958e1ca8f,NOT_PREDECLARED,True,True,288,0,milliseconds,2022-06-11T00:00:00+00:00,2022-06-11T23:55:00+00:00,True,
2022-06-18,https://data.binance.vision/data/spot/daily/klines/BTCUSDT/5m/BTCUSDT-5m-2022-06-18.zip,EVENT_DAY,3f7c3582040d35076080c78a5443221d1bcc5226b95c62b0090c9a75c8d518be,3f7c3582040d35076080c78a5443221d1bcc5226b95c62b0090c9a75c8d518be,True,True,True,288,0,milliseconds,2022-06-18T00:00:00+00:00,2022-06-18T23:55:00+00:00,True,
2022-06-19,https://data.binance.vision/data/spot/daily/klines/BTCUSDT/5m/BTCUSDT-5m-2022-06-19.zip,NEXT_DAY,,d3426452b2d6eb2db720b41d3dae7e4e72578d397c44b8415ca9632ed2cbf450,NOT_PREDECLARED,True,True,288,0,milliseconds,2022-06-19T00:00:00+00:00,2022-06-19T23:55:00+00:00,True,
2022-06-21,https://data.binance.vision/data/spot/daily/klines/BTCUSDT/5m/BTCUSDT-5m-2022-06-21.zip,EVENT_DAY,d603e9a7f0cd591ac05b264296d841ca8ea92d8caf9c87b51dc55ee7e5ec13b7,d603e9a7f0cd591ac05b264296d841ca8ea92d8caf9c87b51dc55ee7e5ec13b7,True,True,True,288,0,milliseconds,2022-06-21T00:00:00+00:00,2022-06-21T23:55:00+00:00,True,
2022-06-22,https://data.binance.vision/data/spot/daily/klines/BTCUSDT/5m/BTCUSDT-5m-2022-06-22.zip,NEXT_DAY,,574dd31f817e1ce4ef05208b62d8993f593f8d71efb89b05d23f8950db92f435,NOT_PREDECLARED,True,True,288,0,milliseconds,2022-06-22T00:00:00+00:00,2022-06-22T23:55:00+00:00,True,
2022-06-23,https://data.binance.vision/data/spot/daily/klines/BTCUSDT/5m/BTCUSDT-5m-2022-06-23.zip,EVENT_DAY,626bc37a1e15938ce2681e75fe82f475101e3c62754b397a79e2ee073836a379,626bc37a1e15938ce2681e75fe82f475101e3c62754b397a79e2ee073836a379,True,True,True,288,0,milliseconds,2022-06-23T00:00:00+00:00,2022-06-23T23:55:00+00:00,True,
2022-06-24,https://data.binance.vision/data/spot/daily/klines/BTCUSDT/5m/BTCUSDT-5m-2022-06-24.zip,NEXT_DAY,,0c034ea0764cc80f316fe0619f98894697d57802319134304fa53fe0b28cebee,NOT_PREDECLARED,True,True,288,0,milliseconds,2022-06-24T00:00:00+00:00,2022-06-24T23:55:00+00:00,True,
2022-06-28,https://data.binance.vision/data/spot/daily/klines/BTCUSDT/5m/BTCUSDT-5m-2022-06-28.zip,EVENT_DAY,c9736b2695b3dc798969e642971f34b2cdf43d5cc7476aa1dee02d36ec1738b2,c9736b2695b3dc798969e642971f34b2cdf43d5cc7476aa1dee02d36ec1738b2,True,True,True,288,0,milliseconds,2022-06-28T00:00:00+00:00,2022-06-28T23:55:00+00:00,True,
2022-06-29,https://data.binance.vision/data/spot/daily/klines/BTCUSDT/5m/BTCUSDT-5m-2022-06-29.zip,NEXT_DAY,,ecd4cffd9362c9961feba899a1d4bd15d1e06454a0e9b582ad58106dfd3d940a,NOT_PREDECLARED,True,True,288,0,milliseconds,2022-06-29T00:00:00+00:00,2022-06-29T23:55:00+00:00,True,
2022-07-12,https://data.binance.vision/data/spot/daily/klines/BTCUSDT/5m/BTCUSDT-5m-2022-07-12.zip,EVENT_DAY,d03509538181a5c078e54c453a59c1b4fe7ec014fb6be15648afeed700b427b4,d03509538181a5c078e54c453a59c1b4fe7ec014fb6be15648afeed700b427b4,True,True,True,288,0,milliseconds,2022-07-12T00:00:00+00:00,2022-07-12T23:55:00+00:00,True,
2022-07-13,https://data.binance.vision/data/spot/daily/klines/BTCUSDT/5m/BTCUSDT-5m-2022-07-13.zip,NEXT_DAY,,3c7b5d6bd0328344910cc26fde86eaf24628bfbb8e8474eba3c3cec60dcb36f8,NOT_PREDECLARED,True,True,288,0,milliseconds,2022-07-13T00:00:00+00:00,2022-07-13T23:55:00+00:00,True,
2022-08-28,https://data.binance.vision/data/spot/daily/klines/BTCUSDT/5m/BTCUSDT-5m-2022-08-28.zip,EVENT_DAY,9e52117f86f818f97cd8e4812f2e612a4d41f5bfe6000e9fad533e4b727a8fa2,9e52117f86f818f97cd8e4812f2e612a4d41f5bfe6000e9fad533e4b727a8fa2,True,True,True,288,0,milliseconds,2022-08-28T00:00:00+00:00,2022-08-28T23:55:00+00:00,True,
2022-08-29,https://data.binance.vision/data/spot/daily/klines/BTCUSDT/5m/BTCUSDT-5m-2022-08-29.zip,NEXT_DAY,,f71ce79e291f630eaf6d68e95d25134e34fdb0be89c2b8130b6aede01a4cce77,NOT_PREDECLARED,True,True,288,0,milliseconds,2022-08-29T00:00:00+00:00,2022-08-29T23:55:00+00:00,True,
2022-09-08,https://data.binance.vision/data/spot/daily/klines/BTCUSDT/5m/BTCUSDT-5m-2022-09-08.zip,EVENT_DAY,f4abf31677c750024db7b52a27947791b657f4126f5873731612a39db946afdf,f4abf31677c750024db7b52a27947791b657f4126f5873731612a39db946afdf,True,True,True,288,0,milliseconds,2022-09-08T00:00:00+00:00,2022-09-08T23:55:00+00:00,True,
2022-09-09,https://data.binance.vision/data/spot/daily/klines/BTCUSDT/5m/BTCUSDT-5m-2022-09-09.zip,NEXT_DAY,,9d9e0fd3256dbb330820c2fefec47a4ad1798f6ff2ee883549168edb7c2e4f4f,NOT_PREDECLARED,True,True,288,0,milliseconds,2022-09-09T00:00:00+00:00,2022-09-09T23:55:00+00:00,True,
2022-11-04,https://data.binance.vision/data/spot/daily/klines/BTCUSDT/5m/BTCUSDT-5m-2022-11-04.zip,EVENT_DAY,cd79dda28745040311ec6ad5c44e9c102d5287de405d3841f539ac4b099f6dcf,cd79dda28745040311ec6ad5c44e9c102d5287de405d3841f539ac4b099f6dcf,True,True,True,288,0,milliseconds,2022-11-04T00:00:00+00:00,2022-11-04T23:55:00+00:00,True,
2022-11-05,https://data.binance.vision/data/spot/daily/klines/BTCUSDT/5m/BTCUSDT-5m-2022-11-05.zip,NEXT_DAY,,e6baa2f0b60e0ec6687ad7addd36b118e4d32e02bd19d65e84070e14e60196ba,NOT_PREDECLARED,True,True,288,0,milliseconds,2022-11-05T00:00:00+00:00,2022-11-05T23:55:00+00:00,True,
2022-12-14,https://data.binance.vision/data/spot/daily/klines/BTCUSDT/5m/BTCUSDT-5m-2022-12-14.zip,EVENT_DAY,79eb43d37d0566da16ecc7ef12bf77e4a4ca7a8f7076eb49cc357ed24f181feb,79eb43d37d0566da16ecc7ef12bf77e4a4ca7a8f7076eb49cc357ed24f181feb,True,True,True,288,0,milliseconds,2022-12-14T00:00:00+00:00,2022-12-14T23:55:00+00:00,True,
2022-12-15,https://data.binance.vision/data/spot/daily/klines/BTCUSDT/5m/BTCUSDT-5m-2022-12-15.zip,NEXT_DAY,,48bfbd6696e9e46a47938dc1f855bce9b2f4439dfc797c162d7407f70925c94d,NOT_PREDECLARED,True,True,288,0,milliseconds,2022-12-15T00:00:00+00:00,2022-12-15T23:55:00+00:00,True,
2023-03-22,https://data.binance.vision/data/spot/daily/klines/BTCUSDT/5m/BTCUSDT-5m-2023-03-22.zip,EVENT_DAY,7d378e7ab0a7a914cd4034c0672d25b0001744e55619746d2dc3c677c61662bf,7d378e7ab0a7a914cd4034c0672d25b0001744e55619746d2dc3c677c61662bf,True,True,True,288,0,milliseconds,2023-03-22T00:00:00+00:00,2023-03-22T23:55:00+00:00,True,
2023-03-23,https://data.binance.vision/data/spot/daily/klines/BTCUSDT/5m/BTCUSDT-5m-2023-03-23.zip,NEXT_DAY,,a1c24edc24dd58ac01d0331b9aa89965152f9d96729bb57718dac59c0d86fb92,NOT_PREDECLARED,True,True,288,0,milliseconds,2023-03-23T00:00:00+00:00,2023-03-23T23:55:00+00:00,True,
2023-03-25,https://data.binance.vision/data/spot/daily/klines/BTCUSDT/5m/BTCUSDT-5m-2023-03-25.zip,EVENT_DAY,967a7305b545bef53931587905d766ad4aa30c8ddb422ba6365493a4034f1248,967a7305b545bef53931587905d766ad4aa30c8ddb422ba6365493a4034f1248,True,True,True,288,0,milliseconds,2023-03-25T00:00:00+00:00,2023-03-25T23:55:00+00:00,True,
2023-03-26,https://data.binance.vision/data/spot/daily/klines/BTCUSDT/5m/BTCUSDT-5m-2023-03-26.zip,NEXT_DAY,,eda6e9a87b1965a77d7e1b856f2ff6318a2450d05cf5204ab74502a529d0588f,NOT_PREDECLARED,True,True,288,0,milliseconds,2023-03-26T00:00:00+00:00,2023-03-26T23:55:00+00:00,True,
2023-03-28,https://data.binance.vision/data/spot/daily/klines/BTCUSDT/5m/BTCUSDT-5m-2023-03-28.zip,EVENT_DAY,7d0615a28b635635a0249787ded144e5d581f1f507d9b4b4611dc5381638591d,7d0615a28b635635a0249787ded144e5d581f1f507d9b4b4611dc5381638591d,True,True,True,288,0,milliseconds,2023-03-28T00:00:00+00:00,2023-03-28T23:55:00+00:00,True,
2023-03-29,https://data.binance.vision/data/spot/daily/klines/BTCUSDT/5m/BTCUSDT-5m-2023-03-29.zip,NEXT_DAY,,6862b4bd3b326d9fe264ada725cb1f1fbef7a380766a986ae79059f3ce744c00,NOT_PREDECLARED,True,True,288,0,milliseconds,2023-03-29T00:00:00+00:00,2023-03-29T23:55:00+00:00,True,
2023-04-20,https://data.binance.vision/data/spot/daily/klines/BTCUSDT/5m/BTCUSDT-5m-2023-04-20.zip,EVENT_DAY,98ea9c59334c87b67d60dc35b645373707be8f25379ee17b18977e08f72242a9,98ea9c59334c87b67d60dc35b645373707be8f25379ee17b18977e08f72242a9,True,True,True,288,0,milliseconds,2023-04-20T00:00:00+00:00,2023-04-20T23:55:00+00:00,True,
2023-04-21,https://data.binance.vision/data/spot/daily/klines/BTCUSDT/5m/BTCUSDT-5m-2023-04-21.zip,NEXT_DAY,,bb074c5a7d146fe66281ca7a9aacf11e13de08fdb936838ea12d30f896b3b875,NOT_PREDECLARED,True,True,288,0,milliseconds,2023-04-21T00:00:00+00:00,2023-04-21T23:55:00+00:00,True,
2023-05-01,https://data.binance.vision/data/spot/daily/klines/BTCUSDT/5m/BTCUSDT-5m-2023-05-01.zip,EVENT_DAY,5254449d29ff8ec9d815190a0759524a3ecdaf4ecce977b928c0d97083dccfba,5254449d29ff8ec9d815190a0759524a3ecdaf4ecce977b928c0d97083dccfba,True,True,True,288,0,milliseconds,2023-05-01T00:00:00+00:00,2023-05-01T23:55:00+00:00,True,
2023-05-02,https://data.binance.vision/data/spot/daily/klines/BTCUSDT/5m/BTCUSDT-5m-2023-05-02.zip,NEXT_DAY,,2a2010ec7df8987a6a1f26c0bb5e87fa238e8f1a4c020fe1814de98e46d3db4c,NOT_PREDECLARED,True,True,288,0,milliseconds,2023-05-02T00:00:00+00:00,2023-05-02T23:55:00+00:00,True,
2023-05-08,https://data.binance.vision/data/spot/daily/klines/BTCUSDT/5m/BTCUSDT-5m-2023-05-08.zip,EVENT_DAY,0f128947a834cea32e7cd071ee193f0748230616b95707c8a705ff11995c84e7,0f128947a834cea32e7cd071ee193f0748230616b95707c8a705ff11995c84e7,True,True,True,288,0,milliseconds,2023-05-08T00:00:00+00:00,2023-05-08T23:55:00+00:00,True,
2023-05-09,https://data.binance.vision/data/spot/daily/klines/BTCUSDT/5m/BTCUSDT-5m-2023-05-09.zip,NEXT_DAY,,73ec25fffc227356acc70bae7e8a6d6aa4684e0c638037dc95563aca2217f44b,NOT_PREDECLARED,True,True,288,0,milliseconds,2023-05-09T00:00:00+00:00,2023-05-09T23:55:00+00:00,True,
2023-06-02,https://data.binance.vision/data/spot/daily/klines/BTCUSDT/5m/BTCUSDT-5m-2023-06-02.zip,EVENT_DAY,e248b573db171612107722d616d01f2f6d243dfb9036c55ca631fa718bc8e6ed,e248b573db171612107722d616d01f2f6d243dfb9036c55ca631fa718bc8e6ed,True,True,True,288,0,milliseconds,2023-06-02T00:00:00+00:00,2023-06-02T23:55:00+00:00,True,
2023-06-03,https://data.binance.vision/data/spot/daily/klines/BTCUSDT/5m/BTCUSDT-5m-2023-06-03.zip,NEXT_DAY,,bf8333261050b451ab9a5b62b6c0948a7932ecb7fe2dd3ade446d4776d2bdc56,NOT_PREDECLARED,True,True,288,0,milliseconds,2023-06-03T00:00:00+00:00,2023-06-03T23:55:00+00:00,True,
2023-07-04,https://data.binance.vision/data/spot/daily/klines/BTCUSDT/5m/BTCUSDT-5m-2023-07-04.zip,EVENT_DAY,6f316c086b1233144c8d613fd250192c8e0ca407c6ca881388235c865df6750b,6f316c086b1233144c8d613fd250192c8e0ca407c6ca881388235c865df6750b,True,True,True,288,0,milliseconds,2023-07-04T00:00:00+00:00,2023-07-04T23:55:00+00:00,True,
2023-07-05,https://data.binance.vision/data/spot/daily/klines/BTCUSDT/5m/BTCUSDT-5m-2023-07-05.zip,NEXT_DAY,,01475f033c5566c2343ed748b9c1f1380c974f7cb8737f74e7102f7dd440a1ff,NOT_PREDECLARED,True,True,288,0,milliseconds,2023-07-05T00:00:00+00:00,2023-07-05T23:55:00+00:00,True,
2023-07-13,https://data.binance.vision/data/spot/daily/klines/BTCUSDT/5m/BTCUSDT-5m-2023-07-13.zip,EVENT_DAY,d2266ed84981102db3481003ce792de89ee8aae674635e8abfdd1a4a28af887a,d2266ed84981102db3481003ce792de89ee8aae674635e8abfdd1a4a28af887a,True,True,True,288,0,milliseconds,2023-07-13T00:00:00+00:00,2023-07-13T23:55:00+00:00,True,
2023-07-14,https://data.binance.vision/data/spot/daily/klines/BTCUSDT/5m/BTCUSDT-5m-2023-07-14.zip,NEXT_DAY,,49515b731939f520485f1adff80c48b0e534dc89caf1e99970303e2f9ed21f82,NOT_PREDECLARED,True,True,288,0,milliseconds,2023-07-14T00:00:00+00:00,2023-07-14T23:55:00+00:00,True,
2023-08-01,https://data.binance.vision/data/spot/daily/klines/BTCUSDT/5m/BTCUSDT-5m-2023-08-01.zip,EVENT_DAY,92ae89876630ec61db9edb1cf008cf5c97b321700ed41a6e65f85cf458bc1e3d,92ae89876630ec61db9edb1cf008cf5c97b321700ed41a6e65f85cf458bc1e3d,True,True,True,288,0,milliseconds,2023-08-01T00:00:00+00:00,2023-08-01T23:55:00+00:00,True,
2023-08-02,https://data.binance.vision/data/spot/daily/klines/BTCUSDT/5m/BTCUSDT-5m-2023-08-02.zip,NEXT_DAY,,52dab72864df0a5997941b14b06f2b084ac423c9789dd8acdf78db210700a4ab,NOT_PREDECLARED,True,True,288,0,milliseconds,2023-08-02T00:00:00+00:00,2023-08-02T23:55:00+00:00,True,
2023-08-06,https://data.binance.vision/data/spot/daily/klines/BTCUSDT/5m/BTCUSDT-5m-2023-08-06.zip,EVENT_DAY,4b1ff5d19ab0372faa96f6fbfa490c8c2602a823665c51c87b8485a9da84d34b,4b1ff5d19ab0372faa96f6fbfa490c8c2602a823665c51c87b8485a9da84d34b,True,True,True,288,0,milliseconds,2023-08-06T00:00:00+00:00,2023-08-06T23:55:00+00:00,True,
2023-08-07,https://data.binance.vision/data/spot/daily/klines/BTCUSDT/5m/BTCUSDT-5m-2023-08-07.zip,EVENT_DAY,0af2c6e8e98c5f7d6757a41c297bf6d529ce5826373ad4e741190dfbea09ec29,0af2c6e8e98c5f7d6757a41c297bf6d529ce5826373ad4e741190dfbea09ec29,True,True,True,288,0,milliseconds,2023-08-07T00:00:00+00:00,2023-08-07T23:55:00+00:00,True,
2023-08-08,https://data.binance.vision/data/spot/daily/klines/BTCUSDT/5m/BTCUSDT-5m-2023-08-08.zip,EVENT_DAY,c773d7ccc2225d1ae94b0aa39648e568cd3fa240e9c8a521d1502961826c149d,c773d7ccc2225d1ae94b0aa39648e568cd3fa240e9c8a521d1502961826c149d,True,True,True,288,0,milliseconds,2023-08-08T00:00:00+00:00,2023-08-08T23:55:00+00:00,True,
2023-08-09,https://data.binance.vision/data/spot/daily/klines/BTCUSDT/5m/BTCUSDT-5m-2023-08-09.zip,EVENT_DAY,4f356608e16c6d8b5adbf138bccfc94b36c94e9c09a582479384b6d4fb57b762,4f356608e16c6d8b5adbf138bccfc94b36c94e9c09a582479384b6d4fb57b762,True,True,True,288,0,milliseconds,2023-08-09T00:00:00+00:00,2023-08-09T23:55:00+00:00,True,
2023-08-10,https://data.binance.vision/data/spot/daily/klines/BTCUSDT/5m/BTCUSDT-5m-2023-08-10.zip,NEXT_DAY,,951b28668e86136ddda0e69c56f455880515f65bd82a7befb6a02fe3f0bf88ba,NOT_PREDECLARED,True,True,288,0,milliseconds,2023-08-10T00:00:00+00:00,2023-08-10T23:55:00+00:00,True,
2023-08-12,https://data.binance.vision/data/spot/daily/klines/BTCUSDT/5m/BTCUSDT-5m-2023-08-12.zip,EVENT_DAY,16566c4b54640eee5b8988bed30e4f59a0b4d86360a1f0c03a3dc212babdac80,16566c4b54640eee5b8988bed30e4f59a0b4d86360a1f0c03a3dc212babdac80,True,True,True,288,0,milliseconds,2023-08-12T00:00:00+00:00,2023-08-12T23:55:00+00:00,True,
2023-08-13,https://data.binance.vision/data/spot/daily/klines/BTCUSDT/5m/BTCUSDT-5m-2023-08-13.zip,NEXT_DAY,,4bb23503d899e396a87ac509135fcc9f0f39a9796278465b4034907cfd6d813c,NOT_PREDECLARED,True,True,288,0,milliseconds,2023-08-13T00:00:00+00:00,2023-08-13T23:55:00+00:00,True,
2023-08-22,https://data.binance.vision/data/spot/daily/klines/BTCUSDT/5m/BTCUSDT-5m-2023-08-22.zip,EVENT_DAY,788731c89a4ab2b8441a91fa701fc5fd4df62d07e69edc44df5a62e8af8e7420,788731c89a4ab2b8441a91fa701fc5fd4df62d07e69edc44df5a62e8af8e7420,True,True,True,288,0,milliseconds,2023-08-22T00:00:00+00:00,2023-08-22T23:55:00+00:00,True,
2023-08-23,https://data.binance.vision/data/spot/daily/klines/BTCUSDT/5m/BTCUSDT-5m-2023-08-23.zip,NEXT_DAY,,9ea18fae80ee35bf48fb82b1a0e8e6ee4e09769e6276ab4fa9f39eeccfbe2d5b,NOT_PREDECLARED,True,True,288,0,milliseconds,2023-08-23T00:00:00+00:00,2023-08-23T23:55:00+00:00,True,
2023-09-05,https://data.binance.vision/data/spot/daily/klines/BTCUSDT/5m/BTCUSDT-5m-2023-09-05.zip,EVENT_DAY,42721c582a48f4fef7d1ff44cde803bf88d898dd23035f271fad2fe2aff1a525,42721c582a48f4fef7d1ff44cde803bf88d898dd23035f271fad2fe2aff1a525,True,True,True,288,0,milliseconds,2023-09-05T00:00:00+00:00,2023-09-05T23:55:00+00:00,True,
2023-09-06,https://data.binance.vision/data/spot/daily/klines/BTCUSDT/5m/BTCUSDT-5m-2023-09-06.zip,NEXT_DAY,,9d13d94aeb7b5f98273d8fb119a7d0d04445ed27a5610b148ec57490d1252129,NOT_PREDECLARED,True,True,288,0,milliseconds,2023-09-06T00:00:00+00:00,2023-09-06T23:55:00+00:00,True,
2023-09-22,https://data.binance.vision/data/spot/daily/klines/BTCUSDT/5m/BTCUSDT-5m-2023-09-22.zip,EVENT_DAY,8b247c978999f4637323b153c9b75f2a9ffddd08e14e70ad028475ec2fc81e7f,8b247c978999f4637323b153c9b75f2a9ffddd08e14e70ad028475ec2fc81e7f,True,True,True,288,0,milliseconds,2023-09-22T00:00:00+00:00,2023-09-22T23:55:00+00:00,True,
2023-09-23,https://data.binance.vision/data/spot/daily/klines/BTCUSDT/5m/BTCUSDT-5m-2023-09-23.zip,NEXT_DAY,,636fd6f20fe445c24e1f00a3909b3e1a0c8adf47c8e1cc5883592af5923348e0,NOT_PREDECLARED,True,True,288,0,milliseconds,2023-09-23T00:00:00+00:00,2023-09-23T23:55:00+00:00,True,
2023-11-07,https://data.binance.vision/data/spot/daily/klines/BTCUSDT/5m/BTCUSDT-5m-2023-11-07.zip,EVENT_DAY,e8058364e2394f6b48c8f9a7533686643aed4ec9e10f57d7bb054bc75e93db76,e8058364e2394f6b48c8f9a7533686643aed4ec9e10f57d7bb054bc75e93db76,True,True,True,288,0,milliseconds,2023-11-07T00:00:00+00:00,2023-11-07T23:55:00+00:00,True,
2023-11-08,https://data.binance.vision/data/spot/daily/klines/BTCUSDT/5m/BTCUSDT-5m-2023-11-08.zip,NEXT_DAY,,8d396b2e50243928ecc089112b13fde1748013affaa5120e447f546a105b82c4,NOT_PREDECLARED,True,True,288,0,milliseconds,2023-11-08T00:00:00+00:00,2023-11-08T23:55:00+00:00,True,
2023-12-05,https://data.binance.vision/data/spot/daily/klines/BTCUSDT/5m/BTCUSDT-5m-2023-12-05.zip,EVENT_DAY,47c1c05b2e22301d7a7eda4008482697e9a5126ea483fc7a96e154abe80e1800,47c1c05b2e22301d7a7eda4008482697e9a5126ea483fc7a96e154abe80e1800,True,True,True,288,0,milliseconds,2023-12-05T00:00:00+00:00,2023-12-05T23:55:00+00:00,True,
2023-12-06,https://data.binance.vision/data/spot/daily/klines/BTCUSDT/5m/BTCUSDT-5m-2023-12-06.zip,NEXT_DAY,,58be3282044d5d3be38ede3fb983b61ecc682fadcffa57dbe218bf87cfdbd503,NOT_PREDECLARED,True,True,288,0,milliseconds,2023-12-06T00:00:00+00:00,2023-12-06T23:55:00+00:00,True,
2024-01-07,https://data.binance.vision/data/spot/daily/klines/BTCUSDT/5m/BTCUSDT-5m-2024-01-07.zip,EVENT_DAY,764305d38aa830b74f5636863402984c02972dace28bf3700768f13bf2fda599,764305d38aa830b74f5636863402984c02972dace28bf3700768f13bf2fda599,True,True,True,288,0,milliseconds,2024-01-07T00:00:00+00:00,2024-01-07T23:55:00+00:00,True,
2024-01-08,https://data.binance.vision/data/spot/daily/klines/BTCUSDT/5m/BTCUSDT-5m-2024-01-08.zip,EVENT_DAY,513286254d8f19b6c058cb5c8189c1ea539688831b32b609d82ebf2eb0de822d,513286254d8f19b6c058cb5c8189c1ea539688831b32b609d82ebf2eb0de822d,True,True,True,288,0,milliseconds,2024-01-08T00:00:00+00:00,2024-01-08T23:55:00+00:00,True,
2024-01-09,https://data.binance.vision/data/spot/daily/klines/BTCUSDT/5m/BTCUSDT-5m-2024-01-09.zip,NEXT_DAY,,b08f0bbd1006d60a7e305e429e1a18f260c710cc1e66dedffc513a73805425b5,NOT_PREDECLARED,True,True,288,0,milliseconds,2024-01-09T00:00:00+00:00,2024-01-09T23:55:00+00:00,True,
2024-01-10,https://data.binance.vision/data/spot/daily/klines/BTCUSDT/5m/BTCUSDT-5m-2024-01-10.zip,EVENT_DAY,e6526917756ca19540c55bc540fcfed723108a2d1a59a3bb120460f6594e4dd0,e6526917756ca19540c55bc540fcfed723108a2d1a59a3bb120460f6594e4dd0,True,True,True,288,0,milliseconds,2024-01-10T00:00:00+00:00,2024-01-10T23:55:00+00:00,True,
2024-01-11,https://data.binance.vision/data/spot/daily/klines/BTCUSDT/5m/BTCUSDT-5m-2024-01-11.zip,NEXT_DAY,,53ab4e762fc090987769e5505879efb49b081f960759daa16428b5d6dc1735a6,NOT_PREDECLARED,True,True,288,0,milliseconds,2024-01-11T00:00:00+00:00,2024-01-11T23:55:00+00:00,True,
2024-01-18,https://data.binance.vision/data/spot/daily/klines/BTCUSDT/5m/BTCUSDT-5m-2024-01-18.zip,EVENT_DAY,536400afaa15ceb2ea6ac3ae1aa9ede8b70df36c64c0ae74030f5885f400fbb6,536400afaa15ceb2ea6ac3ae1aa9ede8b70df36c64c0ae74030f5885f400fbb6,True,True,True,288,0,milliseconds,2024-01-18T00:00:00+00:00,2024-01-18T23:55:00+00:00,True,
2024-01-19,https://data.binance.vision/data/spot/daily/klines/BTCUSDT/5m/BTCUSDT-5m-2024-01-19.zip,NEXT_DAY,,3f468c1810447407a64caa7545122b502be957fc58ca1c6f523b8f6343fc42df,NOT_PREDECLARED,True,True,288,0,milliseconds,2024-01-19T00:00:00+00:00,2024-01-19T23:55:00+00:00,True,
2024-01-26,https://data.binance.vision/data/spot/daily/klines/BTCUSDT/5m/BTCUSDT-5m-2024-01-26.zip,EVENT_DAY,27646e7b1cb804524a97f395264791948596834e61b85ee6c2628e2faaa7a98e,27646e7b1cb804524a97f395264791948596834e61b85ee6c2628e2faaa7a98e,True,True,True,288,0,milliseconds,2024-01-26T00:00:00+00:00,2024-01-26T23:55:00+00:00,True,
2024-01-27,https://data.binance.vision/data/spot/daily/klines/BTCUSDT/5m/BTCUSDT-5m-2024-01-27.zip,NEXT_DAY,,0faf1339393b96feb1977b180b2a72af28cc6f659fceec7a8f9fe228ba1da199,NOT_PREDECLARED,True,True,288,0,milliseconds,2024-01-27T00:00:00+00:00,2024-01-27T23:55:00+00:00,True,
2024-01-28,https://data.binance.vision/data/spot/daily/klines/BTCUSDT/5m/BTCUSDT-5m-2024-01-28.zip,EVENT_DAY,16cff8172908feb2b28bac18ddfb1f8bc14b305894d84ddc7c563403b90f5b18,16cff8172908feb2b28bac18ddfb1f8bc14b305894d84ddc7c563403b90f5b18,True,True,True,288,0,milliseconds,2024-01-28T00:00:00+00:00,2024-01-28T23:55:00+00:00,True,
2024-01-29,https://data.binance.vision/data/spot/daily/klines/BTCUSDT/5m/BTCUSDT-5m-2024-01-29.zip,NEXT_DAY,,c48054b26e70093aec23d2a042bbccb8e693f1f0e3b52a63739452113f5b8d6c,NOT_PREDECLARED,True,True,288,0,milliseconds,2024-01-29T00:00:00+00:00,2024-01-29T23:55:00+00:00,True,
2024-02-07,https://data.binance.vision/data/spot/daily/klines/BTCUSDT/5m/BTCUSDT-5m-2024-02-07.zip,EVENT_DAY,1ad46358854ae8d7fb2fc8e11e2a40306ead68bdd656e7120befdc7a738a8c23,1ad46358854ae8d7fb2fc8e11e2a40306ead68bdd656e7120befdc7a738a8c23,True,True,True,288,0,milliseconds,2024-02-07T00:00:00+00:00,2024-02-07T23:55:00+00:00,True,
2024-02-08,https://data.binance.vision/data/spot/daily/klines/BTCUSDT/5m/BTCUSDT-5m-2024-02-08.zip,NEXT_DAY,,8dae31473675c518e737bdab497b1e70acb0788496a26516606de65aa0a393af,NOT_PREDECLARED,True,True,288,0,milliseconds,2024-02-08T00:00:00+00:00,2024-02-08T23:55:00+00:00,True,
2024-02-17,https://data.binance.vision/data/spot/daily/klines/BTCUSDT/5m/BTCUSDT-5m-2024-02-17.zip,EVENT_DAY,2ed469cd3a16e9795ca888c0b3c431a7873cc4fcc0b7f223eff274ad5aa5324d,2ed469cd3a16e9795ca888c0b3c431a7873cc4fcc0b7f223eff274ad5aa5324d,True,True,True,288,0,milliseconds,2024-02-17T00:00:00+00:00,2024-02-17T23:55:00+00:00,True,
2024-02-18,https://data.binance.vision/data/spot/daily/klines/BTCUSDT/5m/BTCUSDT-5m-2024-02-18.zip,NEXT_DAY,,5286672ebde379d44925281370a21c2a1645979984e4f3c1c46ff8d38c5e0bff,NOT_PREDECLARED,True,True,288,0,milliseconds,2024-02-18T00:00:00+00:00,2024-02-18T23:55:00+00:00,True,
2024-02-25,https://data.binance.vision/data/spot/daily/klines/BTCUSDT/5m/BTCUSDT-5m-2024-02-25.zip,EVENT_DAY,52a21a8043b4eda0ee8ff2e212bd2215588c6e0798c94558769e8ea73aa8e889,52a21a8043b4eda0ee8ff2e212bd2215588c6e0798c94558769e8ea73aa8e889,True,True,True,288,0,milliseconds,2024-02-25T00:00:00+00:00,2024-02-25T23:55:00+00:00,True,
2024-02-26,https://data.binance.vision/data/spot/daily/klines/BTCUSDT/5m/BTCUSDT-5m-2024-02-26.zip,EVENT_DAY,1824179543c6319ea5ee4ad27af14ca1867f81ed1a5b3ea80af84a821898f716,1824179543c6319ea5ee4ad27af14ca1867f81ed1a5b3ea80af84a821898f716,True,True,True,288,0,milliseconds,2024-02-26T00:00:00+00:00,2024-02-26T23:55:00+00:00,True,
2024-02-27,https://data.binance.vision/data/spot/daily/klines/BTCUSDT/5m/BTCUSDT-5m-2024-02-27.zip,EVENT_DAY,b647883e59c5839c6d5b0cecb200e575169b012a747702d1945ec8349057567b,b647883e59c5839c6d5b0cecb200e575169b012a747702d1945ec8349057567b,True,True,True,288,0,milliseconds,2024-02-27T00:00:00+00:00,2024-02-27T23:55:00+00:00,True,
2024-02-28,https://data.binance.vision/data/spot/daily/klines/BTCUSDT/5m/BTCUSDT-5m-2024-02-28.zip,NEXT_DAY,,7123069c9e0760b858f938862d77afe5120d86e53c640e5ed6f949f93bc2f524,NOT_PREDECLARED,True,True,288,0,milliseconds,2024-02-28T00:00:00+00:00,2024-02-28T23:55:00+00:00,True,
2024-03-02,https://data.binance.vision/data/spot/daily/klines/BTCUSDT/5m/BTCUSDT-5m-2024-03-02.zip,EVENT_DAY,9a76defbc559904fe4cbd0c593d0d5982e2614b93d9fa017ede045ae612b2dc4,9a76defbc559904fe4cbd0c593d0d5982e2614b93d9fa017ede045ae612b2dc4,True,True,True,288,0,milliseconds,2024-03-02T00:00:00+00:00,2024-03-02T23:55:00+00:00,True,
2024-03-03,https://data.binance.vision/data/spot/daily/klines/BTCUSDT/5m/BTCUSDT-5m-2024-03-03.zip,NEXT_DAY,,05398e1990399bf2fe58cd0097567c8e8a84c47381d00e50fa330182389ced5e,NOT_PREDECLARED,True,True,288,0,milliseconds,2024-03-03T00:00:00+00:00,2024-03-03T23:55:00+00:00,True,
2024-03-04,https://data.binance.vision/data/spot/daily/klines/BTCUSDT/5m/BTCUSDT-5m-2024-03-04.zip,EVENT_DAY,a317458d68ea8b1ff7b9affe176566636760d5b6c6429bffc391d6e1ea654cd2,a317458d68ea8b1ff7b9affe176566636760d5b6c6429bffc391d6e1ea654cd2,True,True,True,288,0,milliseconds,2024-03-04T00:00:00+00:00,2024-03-04T23:55:00+00:00,True,
2024-03-05,https://data.binance.vision/data/spot/daily/klines/BTCUSDT/5m/BTCUSDT-5m-2024-03-05.zip,NEXT_DAY,,9aba48fb5e8f7ccc6af02a20ad6cfdf25109597f8766da356623e4735cff4397,NOT_PREDECLARED,True,True,288,0,milliseconds,2024-03-05T00:00:00+00:00,2024-03-05T23:55:00+00:00,True,
2024-03-13,https://data.binance.vision/data/spot/daily/klines/BTCUSDT/5m/BTCUSDT-5m-2024-03-13.zip,EVENT_DAY,f02368a330e5358e2fb4cb968605777410f172da21fff39a6141d563efa52138,f02368a330e5358e2fb4cb968605777410f172da21fff39a6141d563efa52138,True,True,True,288,0,milliseconds,2024-03-13T00:00:00+00:00,2024-03-13T23:55:00+00:00,True,
2024-03-14,https://data.binance.vision/data/spot/daily/klines/BTCUSDT/5m/BTCUSDT-5m-2024-03-14.zip,NEXT_DAY,,8166aad6c703a7bb9f3409c37bf92128381488c2ae8bc2d0b1fc4ecc072aacf8,NOT_PREDECLARED,True,True,288,0,milliseconds,2024-03-14T00:00:00+00:00,2024-03-14T23:55:00+00:00,True,
2024-03-20,https://data.binance.vision/data/spot/daily/klines/BTCUSDT/5m/BTCUSDT-5m-2024-03-20.zip,EVENT_DAY,c8d87c01ad782d0f06375bd3e8ee0dc9c498b5e7ac98c96b9421f8d8679fcb3e,c8d87c01ad782d0f06375bd3e8ee0dc9c498b5e7ac98c96b9421f8d8679fcb3e,True,True,True,288,0,milliseconds,2024-03-20T00:00:00+00:00,2024-03-20T23:55:00+00:00,True,
2024-03-21,https://data.binance.vision/data/spot/daily/klines/BTCUSDT/5m/BTCUSDT-5m-2024-03-21.zip,NEXT_DAY,,05da772b6dd71c4c16884a72711221e831f86581c2300c75ade5ce8bbd895624,NOT_PREDECLARED,True,True,288,0,milliseconds,2024-03-21T00:00:00+00:00,2024-03-21T23:55:00+00:00,True,
2024-03-25,https://data.binance.vision/data/spot/daily/klines/BTCUSDT/5m/BTCUSDT-5m-2024-03-25.zip,EVENT_DAY,03955bca091c60d9e373a20d5411beb6811eb5dd7d86961cc4047b485aafcb1f,03955bca091c60d9e373a20d5411beb6811eb5dd7d86961cc4047b485aafcb1f,True,True,True,288,0,milliseconds,2024-03-25T00:00:00+00:00,2024-03-25T23:55:00+00:00,True,
2024-03-26,https://data.binance.vision/data/spot/daily/klines/BTCUSDT/5m/BTCUSDT-5m-2024-03-26.zip,EVENT_DAY,572f3bb4663ff35b7bd83c34a17e2e9407165709a1dbdada9bdafc6e52113d71,572f3bb4663ff35b7bd83c34a17e2e9407165709a1dbdada9bdafc6e52113d71,True,True,True,288,0,milliseconds,2024-03-26T00:00:00+00:00,2024-03-26T23:55:00+00:00,True,
2024-03-27,https://data.binance.vision/data/spot/daily/klines/BTCUSDT/5m/BTCUSDT-5m-2024-03-27.zip,NEXT_DAY,,6afb42b5c55b15e5c96132469d02acede7eb827f5207b7b14abbc1d2a85718ef,NOT_PREDECLARED,True,True,288,0,milliseconds,2024-03-27T00:00:00+00:00,2024-03-27T23:55:00+00:00,True,
2024-04-01,https://data.binance.vision/data/spot/daily/klines/BTCUSDT/5m/BTCUSDT-5m-2024-04-01.zip,EVENT_DAY,e9d1594120e7c5107686281a8010df492b43346f4c5ee3aa8d97aed3dcaa16f4,e9d1594120e7c5107686281a8010df492b43346f4c5ee3aa8d97aed3dcaa16f4,True,True,True,288,0,milliseconds,2024-04-01T00:00:00+00:00,2024-04-01T23:55:00+00:00,True,
2024-04-02,https://data.binance.vision/data/spot/daily/klines/BTCUSDT/5m/BTCUSDT-5m-2024-04-02.zip,NEXT_DAY,,609140e44ceda4924c7fff4c6e50a0ba66591aea039e03451920755f156ba8fd,NOT_PREDECLARED,True,True,288,0,milliseconds,2024-04-02T00:00:00+00:00,2024-04-02T23:55:00+00:00,True,
2024-04-30,https://data.binance.vision/data/spot/daily/klines/BTCUSDT/5m/BTCUSDT-5m-2024-04-30.zip,EVENT_DAY,1aa78a1e9246c9e4391965d7845356a25cb01e13a3e8f8bc2f10ad9ad40eeee9,1aa78a1e9246c9e4391965d7845356a25cb01e13a3e8f8bc2f10ad9ad40eeee9,True,True,True,288,0,milliseconds,2024-04-30T00:00:00+00:00,2024-04-30T23:55:00+00:00,True,
2024-05-01,https://data.binance.vision/data/spot/daily/klines/BTCUSDT/5m/BTCUSDT-5m-2024-05-01.zip,NEXT_DAY,,36d7cba288c428ca48e55737ed84a62269a49e4cccaaee24dde94b518d9efcf7,NOT_PREDECLARED,True,True,288,0,milliseconds,2024-05-01T00:00:00+00:00,2024-05-01T23:55:00+00:00,True,
2024-05-05,https://data.binance.vision/data/spot/daily/klines/BTCUSDT/5m/BTCUSDT-5m-2024-05-05.zip,EVENT_DAY,b708bf2155c81dd3c9fddd312956c9c02e2e0db7c320d24be01ad9cbb3431ca9,b708bf2155c81dd3c9fddd312956c9c02e2e0db7c320d24be01ad9cbb3431ca9,True,True,True,288,0,milliseconds,2024-05-05T00:00:00+00:00,2024-05-05T23:55:00+00:00,True,
2024-05-06,https://data.binance.vision/data/spot/daily/klines/BTCUSDT/5m/BTCUSDT-5m-2024-05-06.zip,NEXT_DAY,,5d4cf320d455f30dfa88fe1d183d40c9d38933ef27a84732b25ca7ff806e65e6,NOT_PREDECLARED,True,True,288,0,milliseconds,2024-05-06T00:00:00+00:00,2024-05-06T23:55:00+00:00,True,
2024-05-19,https://data.binance.vision/data/spot/daily/klines/BTCUSDT/5m/BTCUSDT-5m-2024-05-19.zip,EVENT_DAY,f7be1318ab17403813715621c8b237a963c0a7241813f6003730a9ec241faf3f,f7be1318ab17403813715621c8b237a963c0a7241813f6003730a9ec241faf3f,True,True,True,288,0,milliseconds,2024-05-19T00:00:00+00:00,2024-05-19T23:55:00+00:00,True,
2024-05-20,https://data.binance.vision/data/spot/daily/klines/BTCUSDT/5m/BTCUSDT-5m-2024-05-20.zip,NEXT_DAY,,c62909d4c6f9e254f1fbfae6e976046245cb45e030928e633b9594a870399186,NOT_PREDECLARED,True,True,288,0,milliseconds,2024-05-20T00:00:00+00:00,2024-05-20T23:55:00+00:00,True,
2024-05-24,https://data.binance.vision/data/spot/daily/klines/BTCUSDT/5m/BTCUSDT-5m-2024-05-24.zip,EVENT_DAY,8f09a35115727841106cf006f963e60e89c6d7ecc4ed22e317a0f9ea1798b008,8f09a35115727841106cf006f963e60e89c6d7ecc4ed22e317a0f9ea1798b008,True,True,True,288,0,milliseconds,2024-05-24T00:00:00+00:00,2024-05-24T23:55:00+00:00,True,
2024-05-25,https://data.binance.vision/data/spot/daily/klines/BTCUSDT/5m/BTCUSDT-5m-2024-05-25.zip,NEXT_DAY,,16987a81109112208e288cdaa1b559c8a48cc5a453230afe8bb756dd1e4ee75b,NOT_PREDECLARED,True,True,288,0,milliseconds,2024-05-25T00:00:00+00:00,2024-05-25T23:55:00+00:00,True,
2024-05-27,https://data.binance.vision/data/spot/daily/klines/BTCUSDT/5m/BTCUSDT-5m-2024-05-27.zip,EVENT_DAY,515ed95fdb57e96dbe8f003352a5e557c06c409c3d31d27575ae5b642ca540f2,515ed95fdb57e96dbe8f003352a5e557c06c409c3d31d27575ae5b642ca540f2,True,True,True,288,0,milliseconds,2024-05-27T00:00:00+00:00,2024-05-27T23:55:00+00:00,True,
2024-05-28,https://data.binance.vision/data/spot/daily/klines/BTCUSDT/5m/BTCUSDT-5m-2024-05-28.zip,NEXT_DAY,,c136afbfb904bf772fde200310ee2cc678d510f788d1e90d4de5c8fd52b0416e,NOT_PREDECLARED,True,True,288,0,milliseconds,2024-05-28T00:00:00+00:00,2024-05-28T23:55:00+00:00,True,
2024-06-06,https://data.binance.vision/data/spot/daily/klines/BTCUSDT/5m/BTCUSDT-5m-2024-06-06.zip,EVENT_DAY,ca5c81c64c0ec37ab52391d87e5d6a79b85b158ad98c8cf33ce0b3fef78d6d5b,ca5c81c64c0ec37ab52391d87e5d6a79b85b158ad98c8cf33ce0b3fef78d6d5b,True,True,True,288,0,milliseconds,2024-06-06T00:00:00+00:00,2024-06-06T23:55:00+00:00,True,
2024-06-07,https://data.binance.vision/data/spot/daily/klines/BTCUSDT/5m/BTCUSDT-5m-2024-06-07.zip,NEXT_DAY,,4427d8b745cc2efeed148d9676ccc5244a6a8e665a325dbe2d17e3c4b3af8f19,NOT_PREDECLARED,True,True,288,0,milliseconds,2024-06-07T00:00:00+00:00,2024-06-07T23:55:00+00:00,True,
2024-06-10,https://data.binance.vision/data/spot/daily/klines/BTCUSDT/5m/BTCUSDT-5m-2024-06-10.zip,EVENT_DAY,6d3dbdedab5ab7dc76b0f28cf24776aa0cca93990729fe3dd457bae135784c6b,6d3dbdedab5ab7dc76b0f28cf24776aa0cca93990729fe3dd457bae135784c6b,True,True,True,288,0,milliseconds,2024-06-10T00:00:00+00:00,2024-06-10T23:55:00+00:00,True,
2024-06-11,https://data.binance.vision/data/spot/daily/klines/BTCUSDT/5m/BTCUSDT-5m-2024-06-11.zip,NEXT_DAY,,46cdf065d2a9eccecd1aded70aa3187dc0fd3941877fdc259beb908588081d82,NOT_PREDECLARED,True,True,288,0,milliseconds,2024-06-11T00:00:00+00:00,2024-06-11T23:55:00+00:00,True,
2024-06-12,https://data.binance.vision/data/spot/daily/klines/BTCUSDT/5m/BTCUSDT-5m-2024-06-12.zip,EVENT_DAY,6feb00c33d296c840589a1f3faf5c31914e16e211bcf0fa7643ffd4743920c3f,6feb00c33d296c840589a1f3faf5c31914e16e211bcf0fa7643ffd4743920c3f,True,True,True,288,0,milliseconds,2024-06-12T00:00:00+00:00,2024-06-12T23:55:00+00:00,True,
2024-06-13,https://data.binance.vision/data/spot/daily/klines/BTCUSDT/5m/BTCUSDT-5m-2024-06-13.zip,NEXT_DAY,,d5ccfd244286de3415765b4117979f5196fe19e8045cdded3295b07c319d3853,NOT_PREDECLARED,True,True,288,0,milliseconds,2024-06-13T00:00:00+00:00,2024-06-13T23:55:00+00:00,True,
2024-06-21,https://data.binance.vision/data/spot/daily/klines/BTCUSDT/5m/BTCUSDT-5m-2024-06-21.zip,EVENT_DAY,9fe1e77377ecbcbbcb990697e256e21be83877af6a638d3c0624e825221d486d,9fe1e77377ecbcbbcb990697e256e21be83877af6a638d3c0624e825221d486d,True,True,True,288,0,milliseconds,2024-06-21T00:00:00+00:00,2024-06-21T23:55:00+00:00,True,
2024-06-22,https://data.binance.vision/data/spot/daily/klines/BTCUSDT/5m/BTCUSDT-5m-2024-06-22.zip,NEXT_DAY,,a3a74be9280ee0c4bcc9fbd5d83e1cac13b9bfe9ad2fce9b318ce031671bf0b5,NOT_PREDECLARED,True,True,288,0,milliseconds,2024-06-22T00:00:00+00:00,2024-06-22T23:55:00+00:00,True,
2024-07-03,https://data.binance.vision/data/spot/daily/klines/BTCUSDT/5m/BTCUSDT-5m-2024-07-03.zip,EVENT_DAY,2a763ed7b127edfbe09c86872d95ba234f0a2a79ffb06d2c409cf5088b8cbb85,2a763ed7b127edfbe09c86872d95ba234f0a2a79ffb06d2c409cf5088b8cbb85,True,True,True,288,0,milliseconds,2024-07-03T00:00:00+00:00,2024-07-03T23:55:00+00:00,True,
2024-07-04,https://data.binance.vision/data/spot/daily/klines/BTCUSDT/5m/BTCUSDT-5m-2024-07-04.zip,NEXT_DAY,,9106b813bf05c80882b56da1d6ea2044c6d0088d1c17a9fad172dad81f1c0375,NOT_PREDECLARED,True,True,288,0,milliseconds,2024-07-04T00:00:00+00:00,2024-07-04T23:55:00+00:00,True,
2024-07-23,https://data.binance.vision/data/spot/daily/klines/BTCUSDT/5m/BTCUSDT-5m-2024-07-23.zip,EVENT_DAY,840d7f8d0e46890a36d80791c2c0bc43c05563292a226751fde54ec4cf734b78,840d7f8d0e46890a36d80791c2c0bc43c05563292a226751fde54ec4cf734b78,True,True,True,288,0,milliseconds,2024-07-23T00:00:00+00:00,2024-07-23T23:55:00+00:00,True,
2024-07-24,https://data.binance.vision/data/spot/daily/klines/BTCUSDT/5m/BTCUSDT-5m-2024-07-24.zip,EVENT_DAY,7df1c10f28a65d0ce4234d01598a9add6b35728482a058e2be0dd5e3f78c03e5,7df1c10f28a65d0ce4234d01598a9add6b35728482a058e2be0dd5e3f78c03e5,True,True,True,288,0,milliseconds,2024-07-24T00:00:00+00:00,2024-07-24T23:55:00+00:00,True,
2024-07-25,https://data.binance.vision/data/spot/daily/klines/BTCUSDT/5m/BTCUSDT-5m-2024-07-25.zip,NEXT_DAY,,65d7a45ca45a9d71e3d3fa32775d45deb9170803871edb1a2ef7f8d820fba3b7,NOT_PREDECLARED,True,True,288,0,milliseconds,2024-07-25T00:00:00+00:00,2024-07-25T23:55:00+00:00,True,
2024-07-31,https://data.binance.vision/data/spot/daily/klines/BTCUSDT/5m/BTCUSDT-5m-2024-07-31.zip,EVENT_DAY,0124e2b4d84539e764b826987c79b1b6655e5b9a661246026a85e9b64f15c4ab,0124e2b4d84539e764b826987c79b1b6655e5b9a661246026a85e9b64f15c4ab,True,True,True,288,0,milliseconds,2024-07-31T00:00:00+00:00,2024-07-31T23:55:00+00:00,True,
2024-08-01,https://data.binance.vision/data/spot/daily/klines/BTCUSDT/5m/BTCUSDT-5m-2024-08-01.zip,NEXT_DAY,,67f1623175555d7f70ed61a07242c5db245f318090525a8465cb8cf6b6dfa7b7,NOT_PREDECLARED,True,True,288,0,milliseconds,2024-08-01T00:00:00+00:00,2024-08-01T23:55:00+00:00,True,
2024-08-07,https://data.binance.vision/data/spot/daily/klines/BTCUSDT/5m/BTCUSDT-5m-2024-08-07.zip,EVENT_DAY,5dbe71e59f357ce360b0193d5081d35f225e35ac7770f9f812d913deec658f8f,5dbe71e59f357ce360b0193d5081d35f225e35ac7770f9f812d913deec658f8f,True,True,True,288,0,milliseconds,2024-08-07T00:00:00+00:00,2024-08-07T23:55:00+00:00,True,
2024-08-08,https://data.binance.vision/data/spot/daily/klines/BTCUSDT/5m/BTCUSDT-5m-2024-08-08.zip,NEXT_DAY,,4337a1104444f6107eecb48ae7921d8490e6921a5fcadc96aa1c9c73e40458dd,NOT_PREDECLARED,True,True,288,0,milliseconds,2024-08-08T00:00:00+00:00,2024-08-08T23:55:00+00:00,True,
2024-08-11,https://data.binance.vision/data/spot/daily/klines/BTCUSDT/5m/BTCUSDT-5m-2024-08-11.zip,EVENT_DAY,63a44581443d9cd0efd2b88490d936dfffe7932da6e65fa603273cf8875e50fd,63a44581443d9cd0efd2b88490d936dfffe7932da6e65fa603273cf8875e50fd,True,True,True,288,0,milliseconds,2024-08-11T00:00:00+00:00,2024-08-11T23:55:00+00:00,True,
2024-08-12,https://data.binance.vision/data/spot/daily/klines/BTCUSDT/5m/BTCUSDT-5m-2024-08-12.zip,NEXT_DAY,,49ea5f9e6cb8df636c8fb46f13e0fa117327660b68a3ad8dd313eac9b6fe25bc,NOT_PREDECLARED,True,True,288,0,milliseconds,2024-08-12T00:00:00+00:00,2024-08-12T23:55:00+00:00,True,
2024-08-15,https://data.binance.vision/data/spot/daily/klines/BTCUSDT/5m/BTCUSDT-5m-2024-08-15.zip,EVENT_DAY,bcfceb4cab763352b03e3d0689408bd61d014c9dd1ac7c8befb358872875148d,bcfceb4cab763352b03e3d0689408bd61d014c9dd1ac7c8befb358872875148d,True,True,True,288,0,milliseconds,2024-08-15T00:00:00+00:00,2024-08-15T23:55:00+00:00,True,
2024-08-16,https://data.binance.vision/data/spot/daily/klines/BTCUSDT/5m/BTCUSDT-5m-2024-08-16.zip,EVENT_DAY,46ef8b6d47c2033b142b78e8be3b1dc09c4abd79a267da220a3aa742b2fdbd57,46ef8b6d47c2033b142b78e8be3b1dc09c4abd79a267da220a3aa742b2fdbd57,True,True,True,288,0,milliseconds,2024-08-16T00:00:00+00:00,2024-08-16T23:55:00+00:00,True,
2024-08-17,https://data.binance.vision/data/spot/daily/klines/BTCUSDT/5m/BTCUSDT-5m-2024-08-17.zip,NEXT_DAY,,7c92319b33cae87da9007523898a7e082ee3e7112d0a9a474c2534061ccc1375,NOT_PREDECLARED,True,True,288,0,milliseconds,2024-08-17T00:00:00+00:00,2024-08-17T23:55:00+00:00,True,
2024-08-21,https://data.binance.vision/data/spot/daily/klines/BTCUSDT/5m/BTCUSDT-5m-2024-08-21.zip,EVENT_DAY,513b018a368ccf6acf7675dabd364044345345772f7f4249e408429050b2e6d2,513b018a368ccf6acf7675dabd364044345345772f7f4249e408429050b2e6d2,True,True,True,288,0,milliseconds,2024-08-21T00:00:00+00:00,2024-08-21T23:55:00+00:00,True,
2024-08-22,https://data.binance.vision/data/spot/daily/klines/BTCUSDT/5m/BTCUSDT-5m-2024-08-22.zip,NEXT_DAY,,472cebe5b8712f99f7bb6bb7205de901cfdae5e4bd1e860d842c18977c78bd0f,NOT_PREDECLARED,True,True,288,0,milliseconds,2024-08-22T00:00:00+00:00,2024-08-22T23:55:00+00:00,True,
2024-08-23,https://data.binance.vision/data/spot/daily/klines/BTCUSDT/5m/BTCUSDT-5m-2024-08-23.zip,EVENT_DAY,04601193a12c58e6cfa6da2407b552edfebe11344fa4e175aa6b31a2cc97028b,04601193a12c58e6cfa6da2407b552edfebe11344fa4e175aa6b31a2cc97028b,True,True,True,288,0,milliseconds,2024-08-23T00:00:00+00:00,2024-08-23T23:55:00+00:00,True,
2024-08-24,https://data.binance.vision/data/spot/daily/klines/BTCUSDT/5m/BTCUSDT-5m-2024-08-24.zip,NEXT_DAY,,860f8a72608cedbbebc7c6784eb1411ec8a910d2e1b07b129b951853bf18126c,NOT_PREDECLARED,True,True,288,0,milliseconds,2024-08-24T00:00:00+00:00,2024-08-24T23:55:00+00:00,True,
2024-08-29,https://data.binance.vision/data/spot/daily/klines/BTCUSDT/5m/BTCUSDT-5m-2024-08-29.zip,EVENT_DAY,8596acc012335be84dac91b07f20481c9309b92c83d5e12e1f7b5cccc3b66cf6,8596acc012335be84dac91b07f20481c9309b92c83d5e12e1f7b5cccc3b66cf6,True,True,True,288,0,milliseconds,2024-08-29T00:00:00+00:00,2024-08-29T23:55:00+00:00,True,
2024-08-30,https://data.binance.vision/data/spot/daily/klines/BTCUSDT/5m/BTCUSDT-5m-2024-08-30.zip,NEXT_DAY,,2cc368db4ae3dfd02f96734ed9c1342d071b3200462a8dfd301a8b39401601b8,NOT_PREDECLARED,True,True,288,0,milliseconds,2024-08-30T00:00:00+00:00,2024-08-30T23:55:00+00:00,True,
2024-09-10,https://data.binance.vision/data/spot/daily/klines/BTCUSDT/5m/BTCUSDT-5m-2024-09-10.zip,EVENT_DAY,5dfd263aa24d9edf4c20143165cc6bf75b4db65dfb258122e46efdbd96b3e2e6,5dfd263aa24d9edf4c20143165cc6bf75b4db65dfb258122e46efdbd96b3e2e6,True,True,True,288,0,milliseconds,2024-09-10T00:00:00+00:00,2024-09-10T23:55:00+00:00,True,
2024-09-11,https://data.binance.vision/data/spot/daily/klines/BTCUSDT/5m/BTCUSDT-5m-2024-09-11.zip,NEXT_DAY,,4ca9eb61db3772271a4b5435d71fdc2df02c958ffb5c2f5301c05399dd906d9c,NOT_PREDECLARED,True,True,288,0,milliseconds,2024-09-11T00:00:00+00:00,2024-09-11T23:55:00+00:00,True,
2024-09-22,https://data.binance.vision/data/spot/daily/klines/BTCUSDT/5m/BTCUSDT-5m-2024-09-22.zip,EVENT_DAY,42f06adbc564bef5ba6e469421a62eb9c5967b67da2c176d70413b65c3e94f34,42f06adbc564bef5ba6e469421a62eb9c5967b67da2c176d70413b65c3e94f34,True,True,True,288,0,milliseconds,2024-09-22T00:00:00+00:00,2024-09-22T23:55:00+00:00,True,
2024-09-23,https://data.binance.vision/data/spot/daily/klines/BTCUSDT/5m/BTCUSDT-5m-2024-09-23.zip,NEXT_DAY,,b62f6d66ab45147947183e7351e7c5772506035f2dbd5e5270d37fa60e5e874b,NOT_PREDECLARED,True,True,288,0,milliseconds,2024-09-23T00:00:00+00:00,2024-09-23T23:55:00+00:00,True,
2024-09-26,https://data.binance.vision/data/spot/daily/klines/BTCUSDT/5m/BTCUSDT-5m-2024-09-26.zip,EVENT_DAY,3466b8c2d9f66c465914f9e0ae34bda5d5f3e9fa107560376de2544dc9659236,3466b8c2d9f66c465914f9e0ae34bda5d5f3e9fa107560376de2544dc9659236,True,True,True,288,0,milliseconds,2024-09-26T00:00:00+00:00,2024-09-26T23:55:00+00:00,True,
2024-09-27,https://data.binance.vision/data/spot/daily/klines/BTCUSDT/5m/BTCUSDT-5m-2024-09-27.zip,NEXT_DAY,,8fd923257100b69167b3ca39a8fd8ca0b19f971672f725457cc8a252c4ce16fc,NOT_PREDECLARED,True,True,288,0,milliseconds,2024-09-27T00:00:00+00:00,2024-09-27T23:55:00+00:00,True,
2024-10-02,https://data.binance.vision/data/spot/daily/klines/BTCUSDT/5m/BTCUSDT-5m-2024-10-02.zip,EVENT_DAY,0fb34220e8c916e48ce9750da660e43ab5c9c7d5e69f7489aa5d85149d2a2365,0fb34220e8c916e48ce9750da660e43ab5c9c7d5e69f7489aa5d85149d2a2365,True,True,True,288,0,milliseconds,2024-10-02T00:00:00+00:00,2024-10-02T23:55:00+00:00,True,
2024-10-03,https://data.binance.vision/data/spot/daily/klines/BTCUSDT/5m/BTCUSDT-5m-2024-10-03.zip,NEXT_DAY,,0a8d8aabfd5bd04303f7bb6d5829092f43d14d65e8c6acdd23ddc89525ee8068,NOT_PREDECLARED,True,True,288,0,milliseconds,2024-10-03T00:00:00+00:00,2024-10-03T23:55:00+00:00,True,
2024-10-05,https://data.binance.vision/data/spot/daily/klines/BTCUSDT/5m/BTCUSDT-5m-2024-10-05.zip,EVENT_DAY,d7097fa79699c70bf8d9412cd0284202cb71c2ee01633060cd2e7300dcb06bf4,d7097fa79699c70bf8d9412cd0284202cb71c2ee01633060cd2e7300dcb06bf4,True,True,True,288,0,milliseconds,2024-10-05T00:00:00+00:00,2024-10-05T23:55:00+00:00,True,
2024-10-06,https://data.binance.vision/data/spot/daily/klines/BTCUSDT/5m/BTCUSDT-5m-2024-10-06.zip,NEXT_DAY,,7f616e66336e2dd121f1a6ceee9a4f079e70fa80bf71d51d800ff599f5183dbf,NOT_PREDECLARED,True,True,288,0,milliseconds,2024-10-06T00:00:00+00:00,2024-10-06T23:55:00+00:00,True,
2024-10-09,https://data.binance.vision/data/spot/daily/klines/BTCUSDT/5m/BTCUSDT-5m-2024-10-09.zip,EVENT_DAY,e6c08a9ec3dfc05a2d600cf1f11ba511ad814cc9916bfda1daea4d1d970185e8,e6c08a9ec3dfc05a2d600cf1f11ba511ad814cc9916bfda1daea4d1d970185e8,True,True,True,288,0,milliseconds,2024-10-09T00:00:00+00:00,2024-10-09T23:55:00+00:00,True,
2024-10-10,https://data.binance.vision/data/spot/daily/klines/BTCUSDT/5m/BTCUSDT-5m-2024-10-10.zip,NEXT_DAY,,fa68ab3754db2e27bab3c40405df9bec652ddb81412e729df9fda64e3005402e,NOT_PREDECLARED,True,True,288,0,milliseconds,2024-10-10T00:00:00+00:00,2024-10-10T23:55:00+00:00,True,
2024-10-23,https://data.binance.vision/data/spot/daily/klines/BTCUSDT/5m/BTCUSDT-5m-2024-10-23.zip,EVENT_DAY,077758482e9fcc9626bb84f3ddb2b821d3b92fccc6e06df65f7cadcdd7a2af4a,077758482e9fcc9626bb84f3ddb2b821d3b92fccc6e06df65f7cadcdd7a2af4a,True,True,True,288,0,milliseconds,2024-10-23T00:00:00+00:00,2024-10-23T23:55:00+00:00,True,
2024-10-24,https://data.binance.vision/data/spot/daily/klines/BTCUSDT/5m/BTCUSDT-5m-2024-10-24.zip,EVENT_DAY,ba1c4e134ede3c403677ff85b18a45e05cd834fff04d1e2f7fec1e7e87f81c9c,ba1c4e134ede3c403677ff85b18a45e05cd834fff04d1e2f7fec1e7e87f81c9c,True,True,True,288,0,milliseconds,2024-10-24T00:00:00+00:00,2024-10-24T23:55:00+00:00,True,
2024-10-25,https://data.binance.vision/data/spot/daily/klines/BTCUSDT/5m/BTCUSDT-5m-2024-10-25.zip,NEXT_DAY,,9201e79323f45f2aad490b8b6794e7797856da04116f7aea42221fabd1aed4f6,NOT_PREDECLARED,True,True,288,0,milliseconds,2024-10-25T00:00:00+00:00,2024-10-25T23:55:00+00:00,True,
2024-10-26,https://data.binance.vision/data/spot/daily/klines/BTCUSDT/5m/BTCUSDT-5m-2024-10-26.zip,EVENT_DAY,9a4b334943e70bf2207ad8adfce7f119423b8eb687742d14eca747b0a674d6f5,9a4b334943e70bf2207ad8adfce7f119423b8eb687742d14eca747b0a674d6f5,True,True,True,288,0,milliseconds,2024-10-26T00:00:00+00:00,2024-10-26T23:55:00+00:00,True,
2024-10-27,https://data.binance.vision/data/spot/daily/klines/BTCUSDT/5m/BTCUSDT-5m-2024-10-27.zip,NEXT_DAY,,4c1e3d54310cbe1bddbd8bf391003b06a71302f5be2308b7ff5cab4aa4338362,NOT_PREDECLARED,True,True,288,0,milliseconds,2024-10-27T00:00:00+00:00,2024-10-27T23:55:00+00:00,True,
2024-11-03,https://data.binance.vision/data/spot/daily/klines/BTCUSDT/5m/BTCUSDT-5m-2024-11-03.zip,EVENT_DAY,e3d18d45d39ae898a6e8eb112bdd91e347eba75ba9d5fc4341aef2bf41b9bb53,e3d18d45d39ae898a6e8eb112bdd91e347eba75ba9d5fc4341aef2bf41b9bb53,True,True,True,288,0,milliseconds,2024-11-03T00:00:00+00:00,2024-11-03T23:55:00+00:00,True,
2024-11-04,https://data.binance.vision/data/spot/daily/klines/BTCUSDT/5m/BTCUSDT-5m-2024-11-04.zip,NEXT_DAY,,b0cf9ebfcbaab25934b70177bd7b5ddb04da5fa4fab27d2d706ae0e2d7bb0def,NOT_PREDECLARED,True,True,288,0,milliseconds,2024-11-04T00:00:00+00:00,2024-11-04T23:55:00+00:00,True,
2024-11-26,https://data.binance.vision/data/spot/daily/klines/BTCUSDT/5m/BTCUSDT-5m-2024-11-26.zip,EVENT_DAY,8720bcc27c43e03d51cbde8573e36e08865968d496f37a63bb37cda734ff2a5b,8720bcc27c43e03d51cbde8573e36e08865968d496f37a63bb37cda734ff2a5b,True,True,True,288,0,milliseconds,2024-11-26T00:00:00+00:00,2024-11-26T23:55:00+00:00,True,
2024-11-27,https://data.binance.vision/data/spot/daily/klines/BTCUSDT/5m/BTCUSDT-5m-2024-11-27.zip,NEXT_DAY,,5e795ecaa51dc71d2dbeaafa0c6845338a5c2c230470ed0bfd22fb2ed18fc0f5,NOT_PREDECLARED,True,True,288,0,milliseconds,2024-11-27T00:00:00+00:00,2024-11-27T23:55:00+00:00,True,
2024-12-11,https://data.binance.vision/data/spot/daily/klines/BTCUSDT/5m/BTCUSDT-5m-2024-12-11.zip,EVENT_DAY,c2cbb4af9a9774bb109486e66d4ece2a9c815647189267f7fbe1e0ba4b6623e5,c2cbb4af9a9774bb109486e66d4ece2a9c815647189267f7fbe1e0ba4b6623e5,True,True,True,288,0,milliseconds,2024-12-11T00:00:00+00:00,2024-12-11T23:55:00+00:00,True,
2024-12-12,https://data.binance.vision/data/spot/daily/klines/BTCUSDT/5m/BTCUSDT-5m-2024-12-12.zip,NEXT_DAY,,3cca0e9856b09e89178fa7f599ec6714e5b90bfc3d4da1705bf7046b1514f080,NOT_PREDECLARED,True,True,288,0,milliseconds,2024-12-12T00:00:00+00:00,2024-12-12T23:55:00+00:00,True,
2024-12-13,https://data.binance.vision/data/spot/daily/klines/BTCUSDT/5m/BTCUSDT-5m-2024-12-13.zip,EVENT_DAY,27b93633a5dd5808e03238e5e63ef9eee845cd7e4c623d9f35c1195bc332574c,27b93633a5dd5808e03238e5e63ef9eee845cd7e4c623d9f35c1195bc332574c,True,True,True,288,0,milliseconds,2024-12-13T00:00:00+00:00,2024-12-13T23:55:00+00:00,True,
2024-12-14,https://data.binance.vision/data/spot/daily/klines/BTCUSDT/5m/BTCUSDT-5m-2024-12-14.zip,NEXT_DAY,,a636831b7e08ba30134607b81c50f0a6c5ae39e4ba440aae1ba4f7ddfcb933bc,NOT_PREDECLARED,True,True,288,0,milliseconds,2024-12-14T00:00:00+00:00,2024-12-14T23:55:00+00:00,True,
2024-12-19,https://data.binance.vision/data/spot/daily/klines/BTCUSDT/5m/BTCUSDT-5m-2024-12-19.zip,EVENT_DAY,bdf2a59975cab637600276fe6e207d2ca9b9e89363bd74a30c5587219778d55a,bdf2a59975cab637600276fe6e207d2ca9b9e89363bd74a30c5587219778d55a,True,True,True,288,0,milliseconds,2024-12-19T00:00:00+00:00,2024-12-19T23:55:00+00:00,True,
2024-12-20,https://data.binance.vision/data/spot/daily/klines/BTCUSDT/5m/BTCUSDT-5m-2024-12-20.zip,NEXT_DAY,,95cec47349cfa1603e8ca1976f2b276bc867651c0a301a92020241271af1ac35,NOT_PREDECLARED,True,True,288,0,milliseconds,2024-12-20T00:00:00+00:00,2024-12-20T23:55:00+00:00,True,
2024-12-29,https://data.binance.vision/data/spot/daily/klines/BTCUSDT/5m/BTCUSDT-5m-2024-12-29.zip,EVENT_DAY,bddf8d27279e34491619ff908c7943c85a9013658f88115e19816e991e10fdf3,bddf8d27279e34491619ff908c7943c85a9013658f88115e19816e991e10fdf3,True,True,True,288,0,milliseconds,2024-12-29T00:00:00+00:00,2024-12-29T23:55:00+00:00,True,
2024-12-30,https://data.binance.vision/data/spot/daily/klines/BTCUSDT/5m/BTCUSDT-5m-2024-12-30.zip,NEXT_DAY,,fb56d83bd5e03e5830648d23b248f114bec60cfa12924e9ac49c736d9f245fc8,NOT_PREDECLARED,True,True,288,0,milliseconds,2024-12-30T00:00:00+00:00,2024-12-30T23:55:00+00:00,True,
2025-01-07,https://data.binance.vision/data/spot/daily/klines/BTCUSDT/5m/BTCUSDT-5m-2025-01-07.zip,EVENT_DAY,86c39e1f24769f4359856e46ae6203906d9d317e76319f85016b181d3cfa891c,86c39e1f24769f4359856e46ae6203906d9d317e76319f85016b181d3cfa891c,True,True,True,288,0,microseconds,2025-01-07T00:00:00+00:00,2025-01-07T23:55:00+00:00,True,
2025-01-08,https://data.binance.vision/data/spot/daily/klines/BTCUSDT/5m/BTCUSDT-5m-2025-01-08.zip,NEXT_DAY,,bc35932b3c2b76540c0cb666214a5cb2cc767204909d6ec0b22cee936be6a4d8,NOT_PREDECLARED,True,True,288,0,microseconds,2025-01-08T00:00:00+00:00,2025-01-08T23:55:00+00:00,True,
2025-01-09,https://data.binance.vision/data/spot/daily/klines/BTCUSDT/5m/BTCUSDT-5m-2025-01-09.zip,EVENT_DAY,b7bacc4a53de3e098271ef3ef025ecd4d33b3b8ded99ec6dd8dd91be704034e9,b7bacc4a53de3e098271ef3ef025ecd4d33b3b8ded99ec6dd8dd91be704034e9,True,True,True,288,0,microseconds,2025-01-09T00:00:00+00:00,2025-01-09T23:55:00+00:00,True,
2025-01-10,https://data.binance.vision/data/spot/daily/klines/BTCUSDT/5m/BTCUSDT-5m-2025-01-10.zip,NEXT_DAY,,7aecc7e89ce91e9727517028f1982b4ac32450593f3fad1b3f1188fc069ad6d4,NOT_PREDECLARED,True,True,288,0,microseconds,2025-01-10T00:00:00+00:00,2025-01-10T23:55:00+00:00,True,
2025-01-12,https://data.binance.vision/data/spot/daily/klines/BTCUSDT/5m/BTCUSDT-5m-2025-01-12.zip,EVENT_DAY,999e77d6f038bc0f3af80c8f43928fe79eb0ecebf4a547f68a5705e323d644c7,999e77d6f038bc0f3af80c8f43928fe79eb0ecebf4a547f68a5705e323d644c7,True,True,True,288,0,microseconds,2025-01-12T00:00:00+00:00,2025-01-12T23:55:00+00:00,True,
2025-01-13,https://data.binance.vision/data/spot/daily/klines/BTCUSDT/5m/BTCUSDT-5m-2025-01-13.zip,NEXT_DAY,,d8e9f31553f6d13eef6d9d8596cebd97be47ca0ba811c820a0ca4605c22f9085,NOT_PREDECLARED,True,True,288,0,microseconds,2025-01-13T00:00:00+00:00,2025-01-13T23:55:00+00:00,True,
2025-01-19,https://data.binance.vision/data/spot/daily/klines/BTCUSDT/5m/BTCUSDT-5m-2025-01-19.zip,EVENT_DAY,19748e002ddcf6ee220100b72d83a06d76a0eb7617d5a7fc54d15d222177a0f9,19748e002ddcf6ee220100b72d83a06d76a0eb7617d5a7fc54d15d222177a0f9,True,True,True,288,0,microseconds,2025-01-19T00:00:00+00:00,2025-01-19T23:55:00+00:00,True,
2025-01-20,https://data.binance.vision/data/spot/daily/klines/BTCUSDT/5m/BTCUSDT-5m-2025-01-20.zip,NEXT_DAY,,a73376a2281034d18d9dfcf92159d28334b82f357c82f9002ff05c5c0eb1d154,NOT_PREDECLARED,True,True,288,0,microseconds,2025-01-20T00:00:00+00:00,2025-01-20T23:55:00+00:00,True,
2025-01-21,https://data.binance.vision/data/spot/daily/klines/BTCUSDT/5m/BTCUSDT-5m-2025-01-21.zip,EVENT_DAY,450eb0e03d4a054e217a9c34d4e6b2927b9cd3b154230fb3cf0958e586a2c61d,450eb0e03d4a054e217a9c34d4e6b2927b9cd3b154230fb3cf0958e586a2c61d,True,True,True,288,0,microseconds,2025-01-21T00:00:00+00:00,2025-01-21T23:55:00+00:00,True,
2025-01-22,https://data.binance.vision/data/spot/daily/klines/BTCUSDT/5m/BTCUSDT-5m-2025-01-22.zip,NEXT_DAY,,f8f2d067ad2b629292330c0de8669bc87b9b1d677c0c02d7426bda57c042fe44,NOT_PREDECLARED,True,True,288,0,microseconds,2025-01-22T00:00:00+00:00,2025-01-22T23:55:00+00:00,True,
2025-01-29,https://data.binance.vision/data/spot/daily/klines/BTCUSDT/5m/BTCUSDT-5m-2025-01-29.zip,EVENT_DAY,51a52ebebce926483b692ad991fb48cf4294686b2adb63afa6d2b032a84b44f2,51a52ebebce926483b692ad991fb48cf4294686b2adb63afa6d2b032a84b44f2,True,True,True,288,0,microseconds,2025-01-29T00:00:00+00:00,2025-01-29T23:55:00+00:00,True,
2025-01-30,https://data.binance.vision/data/spot/daily/klines/BTCUSDT/5m/BTCUSDT-5m-2025-01-30.zip,NEXT_DAY,,c3156a178f548b7ebd9d608a0494ddf0a04b5ac009cfaf74ae1e087535d2ae3c,NOT_PREDECLARED,True,True,288,0,microseconds,2025-01-30T00:00:00+00:00,2025-01-30T23:55:00+00:00,True,
2025-01-31,https://data.binance.vision/data/spot/daily/klines/BTCUSDT/5m/BTCUSDT-5m-2025-01-31.zip,EVENT_DAY,ae2edd8e31f5f43a9a11c6037264ee0a03aad841dbcd0c060924b175e8693ad0,ae2edd8e31f5f43a9a11c6037264ee0a03aad841dbcd0c060924b175e8693ad0,True,True,True,288,0,microseconds,2025-01-31T00:00:00+00:00,2025-01-31T23:55:00+00:00,True,
2025-02-01,https://data.binance.vision/data/spot/daily/klines/BTCUSDT/5m/BTCUSDT-5m-2025-02-01.zip,NEXT_DAY,,4756e683daa10d7ea03838292b692b84e46eadfb2158952457e4671455360d1f,NOT_PREDECLARED,True,True,288,0,microseconds,2025-02-01T00:00:00+00:00,2025-02-01T23:55:00+00:00,True,
2025-02-03,https://data.binance.vision/data/spot/daily/klines/BTCUSDT/5m/BTCUSDT-5m-2025-02-03.zip,EVENT_DAY,f3f99421835c90e43f6d2c66a37eb5afa1557c51c34f2726f851cb6019db5606,f3f99421835c90e43f6d2c66a37eb5afa1557c51c34f2726f851cb6019db5606,True,True,True,288,0,microseconds,2025-02-03T00:00:00+00:00,2025-02-03T23:55:00+00:00,True,
2025-02-04,https://data.binance.vision/data/spot/daily/klines/BTCUSDT/5m/BTCUSDT-5m-2025-02-04.zip,NEXT_DAY,,5dfacb6937b92b0cbb4c55c403b48526d687e26c15d9b7c91aead868712582b7,NOT_PREDECLARED,True,True,288,0,microseconds,2025-02-04T00:00:00+00:00,2025-02-04T23:55:00+00:00,True,
2025-02-06,https://data.binance.vision/data/spot/daily/klines/BTCUSDT/5m/BTCUSDT-5m-2025-02-06.zip,EVENT_DAY,48f7a812e99ab4691bebb795f08f6e2808c0fd2d681769d0b9c797960a7211c7,48f7a812e99ab4691bebb795f08f6e2808c0fd2d681769d0b9c797960a7211c7,True,True,True,288,0,microseconds,2025-02-06T00:00:00+00:00,2025-02-06T23:55:00+00:00,True,
2025-02-07,https://data.binance.vision/data/spot/daily/klines/BTCUSDT/5m/BTCUSDT-5m-2025-02-07.zip,NEXT_DAY,,68ebd9c80607fb5ae1a8c7e65a7835a0e3e422b821d2f7dc8adbc21942ab7340,NOT_PREDECLARED,True,True,288,0,microseconds,2025-02-07T00:00:00+00:00,2025-02-07T23:55:00+00:00,True,
2025-02-08,https://data.binance.vision/data/spot/daily/klines/BTCUSDT/5m/BTCUSDT-5m-2025-02-08.zip,EVENT_DAY,d5669cc0adbdbd57dc062b8e45f6c47ce2f72b8b49daeb244fdce03077c2cd75,d5669cc0adbdbd57dc062b8e45f6c47ce2f72b8b49daeb244fdce03077c2cd75,True,True,True,288,0,microseconds,2025-02-08T00:00:00+00:00,2025-02-08T23:55:00+00:00,True,
2025-02-09,https://data.binance.vision/data/spot/daily/klines/BTCUSDT/5m/BTCUSDT-5m-2025-02-09.zip,NEXT_DAY,,16a88233c256e5c3bfe0edba87e89bdec90b2cccb7139e0071f2cbd7b211f18a,NOT_PREDECLARED,True,True,288,0,microseconds,2025-02-09T00:00:00+00:00,2025-02-09T23:55:00+00:00,True,
2025-02-11,https://data.binance.vision/data/spot/daily/klines/BTCUSDT/5m/BTCUSDT-5m-2025-02-11.zip,EVENT_DAY,dbac496b09d4963097b69c5e9e7eb184b8beee843c24e999e538c34aaa24f241,dbac496b09d4963097b69c5e9e7eb184b8beee843c24e999e538c34aaa24f241,True,True,True,288,0,microseconds,2025-02-11T00:00:00+00:00,2025-02-11T23:55:00+00:00,True,
2025-02-12,https://data.binance.vision/data/spot/daily/klines/BTCUSDT/5m/BTCUSDT-5m-2025-02-12.zip,NEXT_DAY,,43d9af5cd106f95f207f57e76e6967020ff6851dc2acd203cdde704bb373834e,NOT_PREDECLARED,True,True,288,0,microseconds,2025-02-12T00:00:00+00:00,2025-02-12T23:55:00+00:00,True,
2025-02-21,https://data.binance.vision/data/spot/daily/klines/BTCUSDT/5m/BTCUSDT-5m-2025-02-21.zip,EVENT_DAY,a6d8071e3fc14ffb790c973ba33f52d6a0c4a25c147d802792cbcbb347c33daa,a6d8071e3fc14ffb790c973ba33f52d6a0c4a25c147d802792cbcbb347c33daa,True,True,True,288,0,microseconds,2025-02-21T00:00:00+00:00,2025-02-21T23:55:00+00:00,True,
2025-02-22,https://data.binance.vision/data/spot/daily/klines/BTCUSDT/5m/BTCUSDT-5m-2025-02-22.zip,NEXT_DAY,,b0ac30889507975b95b3b2c00599dc09d1992258c58cf78926b4c8fd55353545,NOT_PREDECLARED,True,True,288,0,microseconds,2025-02-22T00:00:00+00:00,2025-02-22T23:55:00+00:00,True,
2025-03-02,https://data.binance.vision/data/spot/daily/klines/BTCUSDT/5m/BTCUSDT-5m-2025-03-02.zip,EVENT_DAY,59e339e14712cc53c4056300fabfcee89e19d64a8080f06b510df5a9f2abad51,59e339e14712cc53c4056300fabfcee89e19d64a8080f06b510df5a9f2abad51,True,True,True,288,0,microseconds,2025-03-02T00:00:00+00:00,2025-03-02T23:55:00+00:00,True,
2025-03-03,https://data.binance.vision/data/spot/daily/klines/BTCUSDT/5m/BTCUSDT-5m-2025-03-03.zip,EVENT_DAY,77264ffb05aa5e6e484f194f436f95a2acce3b75c3374a1de12228f2b856527c,77264ffb05aa5e6e484f194f436f95a2acce3b75c3374a1de12228f2b856527c,True,True,True,288,0,microseconds,2025-03-03T00:00:00+00:00,2025-03-03T23:55:00+00:00,True,
2025-03-04,https://data.binance.vision/data/spot/daily/klines/BTCUSDT/5m/BTCUSDT-5m-2025-03-04.zip,EVENT_DAY,51f523367272c3284b4e71969fc30c81b0a490d1227f7fc3be5f30557714113a,51f523367272c3284b4e71969fc30c81b0a490d1227f7fc3be5f30557714113a,True,True,True,288,0,microseconds,2025-03-04T00:00:00+00:00,2025-03-04T23:55:00+00:00,True,
2025-03-05,https://data.binance.vision/data/spot/daily/klines/BTCUSDT/5m/BTCUSDT-5m-2025-03-05.zip,NEXT_DAY,,9b93af1e3e20204c850371b27a1412f230ad3d940b0364e36cda567956035226,NOT_PREDECLARED,True,True,288,0,microseconds,2025-03-05T00:00:00+00:00,2025-03-05T23:55:00+00:00,True,
2025-03-06,https://data.binance.vision/data/spot/daily/klines/BTCUSDT/5m/BTCUSDT-5m-2025-03-06.zip,EVENT_DAY,8e3937ede44eaae848433bc2f9fcee317e0a10b084f2dd4562d6881a1142bc9b,8e3937ede44eaae848433bc2f9fcee317e0a10b084f2dd4562d6881a1142bc9b,True,True,True,288,0,microseconds,2025-03-06T00:00:00+00:00,2025-03-06T23:55:00+00:00,True,
2025-03-07,https://data.binance.vision/data/spot/daily/klines/BTCUSDT/5m/BTCUSDT-5m-2025-03-07.zip,NEXT_DAY,,c578150adc7e2e4ef662406010e699c0fa1d6055518525f55ca5dc8bdba7c557,NOT_PREDECLARED,True,True,288,0,microseconds,2025-03-07T00:00:00+00:00,2025-03-07T23:55:00+00:00,True,
2025-04-06,https://data.binance.vision/data/spot/daily/klines/BTCUSDT/5m/BTCUSDT-5m-2025-04-06.zip,EVENT_DAY,a137773acacf4db6f3bfbb0c006c2fac86977550ce1c86bd65edc2c089868fa7,a137773acacf4db6f3bfbb0c006c2fac86977550ce1c86bd65edc2c089868fa7,True,True,True,288,0,microseconds,2025-04-06T00:00:00+00:00,2025-04-06T23:55:00+00:00,True,
2025-04-07,https://data.binance.vision/data/spot/daily/klines/BTCUSDT/5m/BTCUSDT-5m-2025-04-07.zip,NEXT_DAY,,9e0d6fb70f804262a8c7d51ab1430f2e52bdeeb092ed0c6c68c37a8354f2de85,NOT_PREDECLARED,True,True,288,0,microseconds,2025-04-07T00:00:00+00:00,2025-04-07T23:55:00+00:00,True,
2025-04-09,https://data.binance.vision/data/spot/daily/klines/BTCUSDT/5m/BTCUSDT-5m-2025-04-09.zip,EVENT_DAY,4595a8e58074d441e125c6e5db8f7712bee23c257c05dba4d35458fc0e98e8c2,4595a8e58074d441e125c6e5db8f7712bee23c257c05dba4d35458fc0e98e8c2,True,True,True,288,0,microseconds,2025-04-09T00:00:00+00:00,2025-04-09T23:55:00+00:00,True,
2025-04-10,https://data.binance.vision/data/spot/daily/klines/BTCUSDT/5m/BTCUSDT-5m-2025-04-10.zip,NEXT_DAY,,6349adb114276ade9cffa132e79cecf51529a1363c2591ebd5463606587208cc,NOT_PREDECLARED,True,True,288,0,microseconds,2025-04-10T00:00:00+00:00,2025-04-10T23:55:00+00:00,True,
2025-04-11,https://data.binance.vision/data/spot/daily/klines/BTCUSDT/5m/BTCUSDT-5m-2025-04-11.zip,EVENT_DAY,b8ad47fda8a91ca354cd0eda21f6d0bba53c75280821bc1969625c561cf91242,b8ad47fda8a91ca354cd0eda21f6d0bba53c75280821bc1969625c561cf91242,True,True,True,288,0,microseconds,2025-04-11T00:00:00+00:00,2025-04-11T23:55:00+00:00,True,
2025-04-12,https://data.binance.vision/data/spot/daily/klines/BTCUSDT/5m/BTCUSDT-5m-2025-04-12.zip,NEXT_DAY,,895c941c5ca50e0076f60f959610e443979933f3f26add690f1a2e8fc747a39c,NOT_PREDECLARED,True,True,288,0,microseconds,2025-04-12T00:00:00+00:00,2025-04-12T23:55:00+00:00,True,
2025-04-15,https://data.binance.vision/data/spot/daily/klines/BTCUSDT/5m/BTCUSDT-5m-2025-04-15.zip,EVENT_DAY,c130850d987f7c835a897a43bf15047d703c264c58e5e5cdc07b2385f0822b05,c130850d987f7c835a897a43bf15047d703c264c58e5e5cdc07b2385f0822b05,True,True,True,288,0,microseconds,2025-04-15T00:00:00+00:00,2025-04-15T23:55:00+00:00,True,
2025-04-16,https://data.binance.vision/data/spot/daily/klines/BTCUSDT/5m/BTCUSDT-5m-2025-04-16.zip,NEXT_DAY,,2c42028bc16ba54ca6a70d26311756f987f91c486667d8ecf008900339e19387,NOT_PREDECLARED,True,True,288,0,microseconds,2025-04-16T00:00:00+00:00,2025-04-16T23:55:00+00:00,True,
2025-04-27,https://data.binance.vision/data/spot/daily/klines/BTCUSDT/5m/BTCUSDT-5m-2025-04-27.zip,EVENT_DAY,df3a3b945077f880dd3f39c1339904388b703c4d252544546038fed42960d429,df3a3b945077f880dd3f39c1339904388b703c4d252544546038fed42960d429,True,True,True,288,0,microseconds,2025-04-27T00:00:00+00:00,2025-04-27T23:55:00+00:00,True,
2025-04-28,https://data.binance.vision/data/spot/daily/klines/BTCUSDT/5m/BTCUSDT-5m-2025-04-28.zip,NEXT_DAY,,91bbc5d625fb0f1849a6d0bc523a1128728cf4a1a3d8ed6ff98e5f0b7e78216f,NOT_PREDECLARED,True,True,288,0,microseconds,2025-04-28T00:00:00+00:00,2025-04-28T23:55:00+00:00,True,
2025-06-04,https://data.binance.vision/data/spot/daily/klines/BTCUSDT/5m/BTCUSDT-5m-2025-06-04.zip,EVENT_DAY,bed3daea69840937fde72657a4e9075f31beb093d9c672bab2d6c479914669d6,bed3daea69840937fde72657a4e9075f31beb093d9c672bab2d6c479914669d6,True,True,True,288,0,microseconds,2025-06-04T00:00:00+00:00,2025-06-04T23:55:00+00:00,True,
2025-06-05,https://data.binance.vision/data/spot/daily/klines/BTCUSDT/5m/BTCUSDT-5m-2025-06-05.zip,EVENT_DAY,d763f995ac40e06ffce13f50e001cb4b6141574f86e4ba840903cdfc2396c204,d763f995ac40e06ffce13f50e001cb4b6141574f86e4ba840903cdfc2396c204,True,True,True,288,0,microseconds,2025-06-05T00:00:00+00:00,2025-06-05T23:55:00+00:00,True,
2025-06-06,https://data.binance.vision/data/spot/daily/klines/BTCUSDT/5m/BTCUSDT-5m-2025-06-06.zip,NEXT_DAY,,745d8e331a4bb1a327faf641a9250f8e60028fa01bdbdebe40ad8ac71d6570bc,NOT_PREDECLARED,True,True,288,0,microseconds,2025-06-06T00:00:00+00:00,2025-06-06T23:55:00+00:00,True,
2025-06-16,https://data.binance.vision/data/spot/daily/klines/BTCUSDT/5m/BTCUSDT-5m-2025-06-16.zip,EVENT_DAY,bcd10a53dc1bf7376f2365745653282c706552ef489190b7fa6b1002139ebe0d,bcd10a53dc1bf7376f2365745653282c706552ef489190b7fa6b1002139ebe0d,True,True,True,288,0,microseconds,2025-06-16T00:00:00+00:00,2025-06-16T23:55:00+00:00,True,
2025-06-17,https://data.binance.vision/data/spot/daily/klines/BTCUSDT/5m/BTCUSDT-5m-2025-06-17.zip,NEXT_DAY,,2b3fe0e4f4e61d129cf56a8abf0f90ec88443a71e3a0a7d0102f00be1424e799,NOT_PREDECLARED,True,True,288,0,microseconds,2025-06-17T00:00:00+00:00,2025-06-17T23:55:00+00:00,True,
2025-06-21,https://data.binance.vision/data/spot/daily/klines/BTCUSDT/5m/BTCUSDT-5m-2025-06-21.zip,EVENT_DAY,16d44a44bc86f706a0bfced43d76c14ca435f458e1d3cbc3edffe85dc9073ea2,16d44a44bc86f706a0bfced43d76c14ca435f458e1d3cbc3edffe85dc9073ea2,True,True,True,288,0,microseconds,2025-06-21T00:00:00+00:00,2025-06-21T23:55:00+00:00,True,
2025-06-22,https://data.binance.vision/data/spot/daily/klines/BTCUSDT/5m/BTCUSDT-5m-2025-06-22.zip,NEXT_DAY,,2bb8d862bf8a19f1ab54a00e43f0df281e27b725f95eacff758e43fca00192da,NOT_PREDECLARED,True,True,288,0,microseconds,2025-06-22T00:00:00+00:00,2025-06-22T23:55:00+00:00,True,
2025-06-28,https://data.binance.vision/data/spot/daily/klines/BTCUSDT/5m/BTCUSDT-5m-2025-06-28.zip,EVENT_DAY,0bde147884145538cf211758c06967c38d117c51fd742598c8b0629ad4e766fd,0bde147884145538cf211758c06967c38d117c51fd742598c8b0629ad4e766fd,True,True,True,288,0,microseconds,2025-06-28T00:00:00+00:00,2025-06-28T23:55:00+00:00,True,
2025-06-29,https://data.binance.vision/data/spot/daily/klines/BTCUSDT/5m/BTCUSDT-5m-2025-06-29.zip,NEXT_DAY,,9004eaf1800a95a52e56808cdbf9530e5f703827d755475113ad19da4371ef90,NOT_PREDECLARED,True,True,288,0,microseconds,2025-06-29T00:00:00+00:00,2025-06-29T23:55:00+00:00,True,
2025-07-01,https://data.binance.vision/data/spot/daily/klines/BTCUSDT/5m/BTCUSDT-5m-2025-07-01.zip,EVENT_DAY,1d2623ca54f00bfe6943fc398c49f45887d09e7586054b6cdbbbdb2d5823ecf4,1d2623ca54f00bfe6943fc398c49f45887d09e7586054b6cdbbbdb2d5823ecf4,True,True,True,288,0,microseconds,2025-07-01T00:00:00+00:00,2025-07-01T23:55:00+00:00,True,
2025-07-02,https://data.binance.vision/data/spot/daily/klines/BTCUSDT/5m/BTCUSDT-5m-2025-07-02.zip,EVENT_DAY,e6ba96536095699734d4081705ffc22f0cf86ed7192af9175b9da5a2fdea50e8,e6ba96536095699734d4081705ffc22f0cf86ed7192af9175b9da5a2fdea50e8,True,True,True,288,0,microseconds,2025-07-02T00:00:00+00:00,2025-07-02T23:55:00+00:00,True,
2025-07-03,https://data.binance.vision/data/spot/daily/klines/BTCUSDT/5m/BTCUSDT-5m-2025-07-03.zip,NEXT_DAY,,bfe693026d1a69e819d3feb9228d90f15ee56a8d33b032745020fdab7b230218,NOT_PREDECLARED,True,True,288,0,microseconds,2025-07-03T00:00:00+00:00,2025-07-03T23:55:00+00:00,True,
2025-07-11,https://data.binance.vision/data/spot/daily/klines/BTCUSDT/5m/BTCUSDT-5m-2025-07-11.zip,EVENT_DAY,bec1b706cebffcf8956e69ea3da2b2dd598b472ea1a6088b2fc0f0176b4ca9db,bec1b706cebffcf8956e69ea3da2b2dd598b472ea1a6088b2fc0f0176b4ca9db,True,True,True,288,0,microseconds,2025-07-11T00:00:00+00:00,2025-07-11T23:55:00+00:00,True,
2025-07-12,https://data.binance.vision/data/spot/daily/klines/BTCUSDT/5m/BTCUSDT-5m-2025-07-12.zip,NEXT_DAY,,8c714b0f9c0bf28e32b541d0c236dd2f09c2b5159f81e36fbe5d5b5039f71821,NOT_PREDECLARED,True,True,288,0,microseconds,2025-07-12T00:00:00+00:00,2025-07-12T23:55:00+00:00,True,
2025-08-02,https://data.binance.vision/data/spot/daily/klines/BTCUSDT/5m/BTCUSDT-5m-2025-08-02.zip,EVENT_DAY,558a85ee3934d9c5df6060fb736d078ca34b861df214b27ef9562915dd0bd2ea,558a85ee3934d9c5df6060fb736d078ca34b861df214b27ef9562915dd0bd2ea,True,True,True,288,0,microseconds,2025-08-02T00:00:00+00:00,2025-08-02T23:55:00+00:00,True,
2025-08-03,https://data.binance.vision/data/spot/daily/klines/BTCUSDT/5m/BTCUSDT-5m-2025-08-03.zip,NEXT_DAY,,8e5b955baf14218734294136ae7c142bdc4bae9febff46af68f2206197580d7b,NOT_PREDECLARED,True,True,288,0,microseconds,2025-08-03T00:00:00+00:00,2025-08-03T23:55:00+00:00,True,
2025-08-13,https://data.binance.vision/data/spot/daily/klines/BTCUSDT/5m/BTCUSDT-5m-2025-08-13.zip,EVENT_DAY,601d8086c76499b02f17d94740ae17c0b4419e9b259154e518dcfd5515e8b611,601d8086c76499b02f17d94740ae17c0b4419e9b259154e518dcfd5515e8b611,True,True,True,288,0,microseconds,2025-08-13T00:00:00+00:00,2025-08-13T23:55:00+00:00,True,
2025-08-14,https://data.binance.vision/data/spot/daily/klines/BTCUSDT/5m/BTCUSDT-5m-2025-08-14.zip,NEXT_DAY,,f5809f730de6ec739c478936a863f6400331cf75b1fae87c4df531ea0da19f52,NOT_PREDECLARED,True,True,288,0,microseconds,2025-08-14T00:00:00+00:00,2025-08-14T23:55:00+00:00,True,
2025-08-20,https://data.binance.vision/data/spot/daily/klines/BTCUSDT/5m/BTCUSDT-5m-2025-08-20.zip,EVENT_DAY,44de1781ef8ac8d6b6e12f72e5f11bd4ce78c7535465e17e61e63bb83fbd2b6c,44de1781ef8ac8d6b6e12f72e5f11bd4ce78c7535465e17e61e63bb83fbd2b6c,True,True,True,288,0,microseconds,2025-08-20T00:00:00+00:00,2025-08-20T23:55:00+00:00,True,
2025-08-21,https://data.binance.vision/data/spot/daily/klines/BTCUSDT/5m/BTCUSDT-5m-2025-08-21.zip,NEXT_DAY,,39c21a6427d3592a266f139940f031a7ad4e2051a460672e41c208c2e6a3f075,NOT_PREDECLARED,True,True,288,0,microseconds,2025-08-21T00:00:00+00:00,2025-08-21T23:55:00+00:00,True,
2025-08-25,https://data.binance.vision/data/spot/daily/klines/BTCUSDT/5m/BTCUSDT-5m-2025-08-25.zip,EVENT_DAY,8e7baf96f329f5da680f2a1eff3713ce78ecc8eaf85daf2e4a66feaa0a929f2b,8e7baf96f329f5da680f2a1eff3713ce78ecc8eaf85daf2e4a66feaa0a929f2b,True,True,True,288,0,microseconds,2025-08-25T00:00:00+00:00,2025-08-25T23:55:00+00:00,True,
2025-08-26,https://data.binance.vision/data/spot/daily/klines/BTCUSDT/5m/BTCUSDT-5m-2025-08-26.zip,EVENT_DAY,796223045dca0403c18a470f93e1541f2cd86407656087fa595c1258b6d96597,796223045dca0403c18a470f93e1541f2cd86407656087fa595c1258b6d96597,True,True,True,288,0,microseconds,2025-08-26T00:00:00+00:00,2025-08-26T23:55:00+00:00,True,
2025-08-27,https://data.binance.vision/data/spot/daily/klines/BTCUSDT/5m/BTCUSDT-5m-2025-08-27.zip,NEXT_DAY,,a6e6099818cf8c1d31c5b93bb9e4100633c30f732188c9b325735b09945eb329,NOT_PREDECLARED,True,True,288,0,microseconds,2025-08-27T00:00:00+00:00,2025-08-27T23:55:00+00:00,True,
2025-08-28,https://data.binance.vision/data/spot/daily/klines/BTCUSDT/5m/BTCUSDT-5m-2025-08-28.zip,EVENT_DAY,efabe7f33b61a85631c7e09b1fa9ca2499ca44d2756694de0440203ecdbe7650,efabe7f33b61a85631c7e09b1fa9ca2499ca44d2756694de0440203ecdbe7650,True,True,True,288,0,microseconds,2025-08-28T00:00:00+00:00,2025-08-28T23:55:00+00:00,True,
2025-08-29,https://data.binance.vision/data/spot/daily/klines/BTCUSDT/5m/BTCUSDT-5m-2025-08-29.zip,NEXT_DAY,,a10c90b6030982417f91a9b7c48f9cfc8bf7104fe1557213d3430310a80415ee,NOT_PREDECLARED,True,True,288,0,microseconds,2025-08-29T00:00:00+00:00,2025-08-29T23:55:00+00:00,True,
2025-09-12,https://data.binance.vision/data/spot/daily/klines/BTCUSDT/5m/BTCUSDT-5m-2025-09-12.zip,EVENT_DAY,e7cf4f690cb1624d727b36760b4875c196a9735872a9f4db2fecc7f2210757a5,e7cf4f690cb1624d727b36760b4875c196a9735872a9f4db2fecc7f2210757a5,True,True,True,288,0,microseconds,2025-09-12T00:00:00+00:00,2025-09-12T23:55:00+00:00,True,
2025-09-13,https://data.binance.vision/data/spot/daily/klines/BTCUSDT/5m/BTCUSDT-5m-2025-09-13.zip,NEXT_DAY,,b61030eca498de6ab79cc66c2d3ad4f5ecb296f99285ecc7f11d11c1f24b8d13,NOT_PREDECLARED,True,True,288,0,microseconds,2025-09-13T00:00:00+00:00,2025-09-13T23:55:00+00:00,True,
2025-09-14,https://data.binance.vision/data/spot/daily/klines/BTCUSDT/5m/BTCUSDT-5m-2025-09-14.zip,EVENT_DAY,a8ba5d870f32b2e8f95d78d998fa3451936f10d90286c851a0afcaeb05dd7c45,a8ba5d870f32b2e8f95d78d998fa3451936f10d90286c851a0afcaeb05dd7c45,True,True,True,288,0,microseconds,2025-09-14T00:00:00+00:00,2025-09-14T23:55:00+00:00,True,
2025-09-15,https://data.binance.vision/data/spot/daily/klines/BTCUSDT/5m/BTCUSDT-5m-2025-09-15.zip,NEXT_DAY,,41deda9556be76e72df4b8e7f9dfddc728840dd6f5963e96d2cbc4c4e1035966,NOT_PREDECLARED,True,True,288,0,microseconds,2025-09-15T00:00:00+00:00,2025-09-15T23:55:00+00:00,True,
2025-09-16,https://data.binance.vision/data/spot/daily/klines/BTCUSDT/5m/BTCUSDT-5m-2025-09-16.zip,EVENT_DAY,a40b1098a616cf4d9842b3de9af241a3b505f18ed625c158d5660a10ec96567e,a40b1098a616cf4d9842b3de9af241a3b505f18ed625c158d5660a10ec96567e,True,True,True,288,0,microseconds,2025-09-16T00:00:00+00:00,2025-09-16T23:55:00+00:00,True,
2025-09-17,https://data.binance.vision/data/spot/daily/klines/BTCUSDT/5m/BTCUSDT-5m-2025-09-17.zip,NEXT_DAY,,5bcf0f352316af1ff057856a486525c9fa2da2d652b554256da908d631472005,NOT_PREDECLARED,True,True,288,0,microseconds,2025-09-17T00:00:00+00:00,2025-09-17T23:55:00+00:00,True,
2025-09-23,https://data.binance.vision/data/spot/daily/klines/BTCUSDT/5m/BTCUSDT-5m-2025-09-23.zip,EVENT_DAY,38fbed3bc17cf43041402fb545b390a51299417c927f9332e04e7b0d42055ac9,38fbed3bc17cf43041402fb545b390a51299417c927f9332e04e7b0d42055ac9,True,True,True,288,0,microseconds,2025-09-23T00:00:00+00:00,2025-09-23T23:55:00+00:00,True,
2025-09-24,https://data.binance.vision/data/spot/daily/klines/BTCUSDT/5m/BTCUSDT-5m-2025-09-24.zip,NEXT_DAY,,733ab2b97399f4d900b5ca4dadbaaeb646d7ad7b7d919de74e2023796b7d28e8,NOT_PREDECLARED,True,True,288,0,microseconds,2025-09-24T00:00:00+00:00,2025-09-24T23:55:00+00:00,True,
2025-09-25,https://data.binance.vision/data/spot/daily/klines/BTCUSDT/5m/BTCUSDT-5m-2025-09-25.zip,EVENT_DAY,fd4553b04ecfe28f0f9ce686e3fd0e22c37d0cad8e3897f8058db6f582ac628e,fd4553b04ecfe28f0f9ce686e3fd0e22c37d0cad8e3897f8058db6f582ac628e,True,True,True,288,0,microseconds,2025-09-25T00:00:00+00:00,2025-09-25T23:55:00+00:00,True,
2025-09-26,https://data.binance.vision/data/spot/daily/klines/BTCUSDT/5m/BTCUSDT-5m-2025-09-26.zip,NEXT_DAY,,5aade19231446d55eeb208c12620a4cf4e82b95b7168031f9cbd4e19a66bf377,NOT_PREDECLARED,True,True,288,0,microseconds,2025-09-26T00:00:00+00:00,2025-09-26T23:55:00+00:00,True,
2025-10-10,https://data.binance.vision/data/spot/daily/klines/BTCUSDT/5m/BTCUSDT-5m-2025-10-10.zip,EVENT_DAY,17a4fc3127a703ba31c1e4d6493e059314d96f264d0b2ef68a75dea49d8c8c25,17a4fc3127a703ba31c1e4d6493e059314d96f264d0b2ef68a75dea49d8c8c25,True,True,True,288,0,microseconds,2025-10-10T00:00:00+00:00,2025-10-10T23:55:00+00:00,True,
2025-10-11,https://data.binance.vision/data/spot/daily/klines/BTCUSDT/5m/BTCUSDT-5m-2025-10-11.zip,NEXT_DAY,,b4b99f6098002eac246c3dd5a6c5b7737acc775cd5d47e6c76c3fb5cf9b65d86,NOT_PREDECLARED,True,True,288,0,microseconds,2025-10-11T00:00:00+00:00,2025-10-11T23:55:00+00:00,True,
2025-10-13,https://data.binance.vision/data/spot/daily/klines/BTCUSDT/5m/BTCUSDT-5m-2025-10-13.zip,EVENT_DAY,0af6ab98bcc959b15a3476a2c441ffea9755377305c347c0c02bf075070140e6,0af6ab98bcc959b15a3476a2c441ffea9755377305c347c0c02bf075070140e6,True,True,True,288,0,microseconds,2025-10-13T00:00:00+00:00,2025-10-13T23:55:00+00:00,True,
2025-10-14,https://data.binance.vision/data/spot/daily/klines/BTCUSDT/5m/BTCUSDT-5m-2025-10-14.zip,NEXT_DAY,,f3e28a76be05c4b6430d45337e726bad29ac47c2b650fb5eb7dd4bef4faaac07,NOT_PREDECLARED,True,True,288,0,microseconds,2025-10-14T00:00:00+00:00,2025-10-14T23:55:00+00:00,True,
2025-10-28,https://data.binance.vision/data/spot/daily/klines/BTCUSDT/5m/BTCUSDT-5m-2025-10-28.zip,EVENT_DAY,689a481ce38f8b227fdc8a22cd1f4df86988a3ca4ec9d4a439b4ab428e19dc7e,689a481ce38f8b227fdc8a22cd1f4df86988a3ca4ec9d4a439b4ab428e19dc7e,True,True,True,288,0,microseconds,2025-10-28T00:00:00+00:00,2025-10-28T23:55:00+00:00,True,
2025-10-29,https://data.binance.vision/data/spot/daily/klines/BTCUSDT/5m/BTCUSDT-5m-2025-10-29.zip,NEXT_DAY,,8ff03852db8d64c26bae8febdf9ccfa2d7344148cdf4c49bf402106e557d4596,NOT_PREDECLARED,True,True,288,0,microseconds,2025-10-29T00:00:00+00:00,2025-10-29T23:55:00+00:00,True,
2025-11-04,https://data.binance.vision/data/spot/daily/klines/BTCUSDT/5m/BTCUSDT-5m-2025-11-04.zip,EVENT_DAY,acf9db1fed717dd86d6516384d0332e8c3ffb3470e2af324acee6917e4909414,acf9db1fed717dd86d6516384d0332e8c3ffb3470e2af324acee6917e4909414,True,True,True,288,0,microseconds,2025-11-04T00:00:00+00:00,2025-11-04T23:55:00+00:00,True,
2025-11-05,https://data.binance.vision/data/spot/daily/klines/BTCUSDT/5m/BTCUSDT-5m-2025-11-05.zip,NEXT_DAY,,19655ca51757e504c28dc79cae3990d33a115b4254e82006dd190508b5ff359a,NOT_PREDECLARED,True,True,288,0,microseconds,2025-11-05T00:00:00+00:00,2025-11-05T23:55:00+00:00,True,
2025-11-07,https://data.binance.vision/data/spot/daily/klines/BTCUSDT/5m/BTCUSDT-5m-2025-11-07.zip,EVENT_DAY,3709c4dd7f075b21b6fdc838c834077d37cfc496b5245b92e965b5cd0118a33b,3709c4dd7f075b21b6fdc838c834077d37cfc496b5245b92e965b5cd0118a33b,True,True,True,288,0,microseconds,2025-11-07T00:00:00+00:00,2025-11-07T23:55:00+00:00,True,
2025-11-08,https://data.binance.vision/data/spot/daily/klines/BTCUSDT/5m/BTCUSDT-5m-2025-11-08.zip,NEXT_DAY,,e185e6f4c41f7fb00f2d1af50843966097304167b20ffa92cfddb4fcb2696a38,NOT_PREDECLARED,True,True,288,0,microseconds,2025-11-08T00:00:00+00:00,2025-11-08T23:55:00+00:00,True,
2025-11-13,https://data.binance.vision/data/spot/daily/klines/BTCUSDT/5m/BTCUSDT-5m-2025-11-13.zip,EVENT_DAY,52c84399d972eba22869e9199bc45f2c438571d83a24903fdda25e3fbbdd2e8c,52c84399d972eba22869e9199bc45f2c438571d83a24903fdda25e3fbbdd2e8c,True,True,True,288,0,microseconds,2025-11-13T00:00:00+00:00,2025-11-13T23:55:00+00:00,True,
2025-11-14,https://data.binance.vision/data/spot/daily/klines/BTCUSDT/5m/BTCUSDT-5m-2025-11-14.zip,NEXT_DAY,,c22d1c0ba4e3095e9c4b0f50fcdc7f115f6474e807f236f0aa6073dd73e43fcf,NOT_PREDECLARED,True,True,288,0,microseconds,2025-11-14T00:00:00+00:00,2025-11-14T23:55:00+00:00,True,
2025-11-16,https://data.binance.vision/data/spot/daily/klines/BTCUSDT/5m/BTCUSDT-5m-2025-11-16.zip,EVENT_DAY,7559290189b872e641ec6c6a58c79af04843a24d83cc8f22ee538465bd5a9696,7559290189b872e641ec6c6a58c79af04843a24d83cc8f22ee538465bd5a9696,True,True,True,288,0,microseconds,2025-11-16T00:00:00+00:00,2025-11-16T23:55:00+00:00,True,
2025-11-17,https://data.binance.vision/data/spot/daily/klines/BTCUSDT/5m/BTCUSDT-5m-2025-11-17.zip,NEXT_DAY,,aacb66be1cf4efaf969b6504cde03acef28249e7d8755fffe1b5d9bd5bc6570e,NOT_PREDECLARED,True,True,288,0,microseconds,2025-11-17T00:00:00+00:00,2025-11-17T23:55:00+00:00,True,
2025-11-19,https://data.binance.vision/data/spot/daily/klines/BTCUSDT/5m/BTCUSDT-5m-2025-11-19.zip,EVENT_DAY,a29fe2d903212959acd81e62b791016c954f46bfdf65fa6bc31996bfdbe9ef9b,a29fe2d903212959acd81e62b791016c954f46bfdf65fa6bc31996bfdbe9ef9b,True,True,True,288,0,microseconds,2025-11-19T00:00:00+00:00,2025-11-19T23:55:00+00:00,True,
2025-11-20,https://data.binance.vision/data/spot/daily/klines/BTCUSDT/5m/BTCUSDT-5m-2025-11-20.zip,NEXT_DAY,,d47c3cd73dbe9d997c74a75f6d7baf88c8ef5984b3ca6a769d98e8925389ea38,NOT_PREDECLARED,True,True,288,0,microseconds,2025-11-20T00:00:00+00:00,2025-11-20T23:55:00+00:00,True,
2025-11-24,https://data.binance.vision/data/spot/daily/klines/BTCUSDT/5m/BTCUSDT-5m-2025-11-24.zip,EVENT_DAY,0d8c156716a29576cb7230bacf8367c82a6b543e2edc86241b87c025bd864dac,0d8c156716a29576cb7230bacf8367c82a6b543e2edc86241b87c025bd864dac,True,True,True,288,0,microseconds,2025-11-24T00:00:00+00:00,2025-11-24T23:55:00+00:00,True,
2025-11-25,https://data.binance.vision/data/spot/daily/klines/BTCUSDT/5m/BTCUSDT-5m-2025-11-25.zip,NEXT_DAY,,1a849d0118b485f8cd14409891c40f4f6cedbcd6ac0bc96c03c3a5fa6d71cd97,NOT_PREDECLARED,True,True,288,0,microseconds,2025-11-25T00:00:00+00:00,2025-11-25T23:55:00+00:00,True,
2025-12-22,https://data.binance.vision/data/spot/daily/klines/BTCUSDT/5m/BTCUSDT-5m-2025-12-22.zip,EVENT_DAY,f597dd90954c481cf11c70e984f7adeb983a028c47aba88e3668641ff8db3f62,f597dd90954c481cf11c70e984f7adeb983a028c47aba88e3668641ff8db3f62,True,True,True,288,0,microseconds,2025-12-22T00:00:00+00:00,2025-12-22T23:55:00+00:00,True,
2025-12-23,https://data.binance.vision/data/spot/daily/klines/BTCUSDT/5m/BTCUSDT-5m-2025-12-23.zip,NEXT_DAY,,48d44ce88bd8a70ed60444a8e739ececf04f80762d65fc7845f14d58bc232d2c,NOT_PREDECLARED,True,True,288,0,microseconds,2025-12-23T00:00:00+00:00,2025-12-23T23:55:00+00:00,True,
2025-12-28,https://data.binance.vision/data/spot/daily/klines/BTCUSDT/5m/BTCUSDT-5m-2025-12-28.zip,EVENT_DAY,be6f087568650d44ec9f87ed0531f976711f39b4d50d28a028ac511d6a2c1aa1,be6f087568650d44ec9f87ed0531f976711f39b4d50d28a028ac511d6a2c1aa1,True,True,True,288,0,microseconds,2025-12-28T00:00:00+00:00,2025-12-28T23:55:00+00:00,True,
2025-12-29,https://data.binance.vision/data/spot/daily/klines/BTCUSDT/5m/BTCUSDT-5m-2025-12-29.zip,NEXT_DAY,,a9f6e7fa0544f37dd9cae8fa615701fb4362598eb0f963e58a11ae8a85e7ffd0,NOT_PREDECLARED,True,True,288,0,microseconds,2025-12-29T00:00:00+00:00,2025-12-29T23:55:00+00:00,True,
2026-01-09,https://data.binance.vision/data/spot/daily/klines/BTCUSDT/5m/BTCUSDT-5m-2026-01-09.zip,EVENT_DAY,65f5f0f87b1da99515ed795efe7040b1127591f10219a747ae734129120bcd8d,65f5f0f87b1da99515ed795efe7040b1127591f10219a747ae734129120bcd8d,True,True,True,288,0,microseconds,2026-01-09T00:00:00+00:00,2026-01-09T23:55:00+00:00,True,
2026-01-10,https://data.binance.vision/data/spot/daily/klines/BTCUSDT/5m/BTCUSDT-5m-2026-01-10.zip,NEXT_DAY,,a0f7cd825cd1c5b47e6b9dd43cd87a56e16718294e4ae48a8b1f36a38e241256,NOT_PREDECLARED,True,True,288,0,microseconds,2026-01-10T00:00:00+00:00,2026-01-10T23:55:00+00:00,True,
2026-01-13,https://data.binance.vision/data/spot/daily/klines/BTCUSDT/5m/BTCUSDT-5m-2026-01-13.zip,EVENT_DAY,b7b9b7e525001a15116f1ff057f7ca7eacedea3d53b46d14cbccd0dc11f74db0,b7b9b7e525001a15116f1ff057f7ca7eacedea3d53b46d14cbccd0dc11f74db0,True,True,True,288,0,microseconds,2026-01-13T00:00:00+00:00,2026-01-13T23:55:00+00:00,True,
2026-01-14,https://data.binance.vision/data/spot/daily/klines/BTCUSDT/5m/BTCUSDT-5m-2026-01-14.zip,NEXT_DAY,,fa4cdca32d5170ec81fd08eaed049259ea7ca70726bb5a5aa04bb73946d65554,NOT_PREDECLARED,True,True,288,0,microseconds,2026-01-14T00:00:00+00:00,2026-01-14T23:55:00+00:00,True,
2026-01-15,https://data.binance.vision/data/spot/daily/klines/BTCUSDT/5m/BTCUSDT-5m-2026-01-15.zip,EVENT_DAY,ace93eed645ad0a1f90c9ba82b97727f0afe905469e90e17f21a9bc69c040199,ace93eed645ad0a1f90c9ba82b97727f0afe905469e90e17f21a9bc69c040199,True,True,True,288,0,microseconds,2026-01-15T00:00:00+00:00,2026-01-15T23:55:00+00:00,True,
2026-01-16,https://data.binance.vision/data/spot/daily/klines/BTCUSDT/5m/BTCUSDT-5m-2026-01-16.zip,NEXT_DAY,,7703195a3371198c12a64b194f524d61c361a05d86b5cba06113628e84fa657b,NOT_PREDECLARED,True,True,288,0,microseconds,2026-01-16T00:00:00+00:00,2026-01-16T23:55:00+00:00,True,
2026-01-22,https://data.binance.vision/data/spot/daily/klines/BTCUSDT/5m/BTCUSDT-5m-2026-01-22.zip,EVENT_DAY,66959244d0de4bc0762d9218f8ee79d05ff88a94f763544e54de71dc735b528b,66959244d0de4bc0762d9218f8ee79d05ff88a94f763544e54de71dc735b528b,True,True,True,288,0,microseconds,2026-01-22T00:00:00+00:00,2026-01-22T23:55:00+00:00,True,
2026-01-23,https://data.binance.vision/data/spot/daily/klines/BTCUSDT/5m/BTCUSDT-5m-2026-01-23.zip,NEXT_DAY,,64c76a5a287d5c021ae19629e2a75d9ca5ea9f95b948070a53de91a1ddc6e153,NOT_PREDECLARED,True,True,288,0,microseconds,2026-01-23T00:00:00+00:00,2026-01-23T23:55:00+00:00,True,
2026-01-25,https://data.binance.vision/data/spot/daily/klines/BTCUSDT/5m/BTCUSDT-5m-2026-01-25.zip,EVENT_DAY,a30e22e8742434fd1d671b07c220e08c84af2d8e0dcc470ff5ad08d9568f936c,a30e22e8742434fd1d671b07c220e08c84af2d8e0dcc470ff5ad08d9568f936c,True,True,True,288,0,microseconds,2026-01-25T00:00:00+00:00,2026-01-25T23:55:00+00:00,True,
2026-01-26,https://data.binance.vision/data/spot/daily/klines/BTCUSDT/5m/BTCUSDT-5m-2026-01-26.zip,NEXT_DAY,,ea0df7b677a7cc0073d2d1c063107cf0a2174ff46c48a599bc7ab519f922b580,NOT_PREDECLARED,True,True,288,0,microseconds,2026-01-26T00:00:00+00:00,2026-01-26T23:55:00+00:00,True,
2026-02-11,https://data.binance.vision/data/spot/daily/klines/BTCUSDT/5m/BTCUSDT-5m-2026-02-11.zip,EVENT_DAY,bdab6d53860d54fe6e00bedf46f5d3fb5cf0a1bd3da00e4d0de3ae60393853fc,bdab6d53860d54fe6e00bedf46f5d3fb5cf0a1bd3da00e4d0de3ae60393853fc,True,True,True,288,0,microseconds,2026-02-11T00:00:00+00:00,2026-02-11T23:55:00+00:00,True,
2026-02-12,https://data.binance.vision/data/spot/daily/klines/BTCUSDT/5m/BTCUSDT-5m-2026-02-12.zip,NEXT_DAY,,8a894a05d3d9f40e7caae68235f52a927c98bec118522500f2c5f87d3db3f1c9,NOT_PREDECLARED,True,True,288,0,microseconds,2026-02-12T00:00:00+00:00,2026-02-12T23:55:00+00:00,True,
2026-02-28,https://data.binance.vision/data/spot/daily/klines/BTCUSDT/5m/BTCUSDT-5m-2026-02-28.zip,EVENT_DAY,04de3f5b521acbe4f0df9b824cfe47cf831820f149242cb171a865384c508375,04de3f5b521acbe4f0df9b824cfe47cf831820f149242cb171a865384c508375,True,True,True,288,0,microseconds,2026-02-28T00:00:00+00:00,2026-02-28T23:55:00+00:00,True,
2026-03-01,https://data.binance.vision/data/spot/daily/klines/BTCUSDT/5m/BTCUSDT-5m-2026-03-01.zip,NEXT_DAY,,543e2a43092f68e09a266f826cb030c8ca1562f1820c67a2d35fa36528c4185a,NOT_PREDECLARED,True,True,288,0,microseconds,2026-03-01T00:00:00+00:00,2026-03-01T23:55:00+00:00,True,
2026-03-07,https://data.binance.vision/data/spot/daily/klines/BTCUSDT/5m/BTCUSDT-5m-2026-03-07.zip,EVENT_DAY,416cc5724d58fa85c76b11c2214fe59a1ae36fd08c841883f06dfd2933a58a38,416cc5724d58fa85c76b11c2214fe59a1ae36fd08c841883f06dfd2933a58a38,True,True,True,288,0,microseconds,2026-03-07T00:00:00+00:00,2026-03-07T23:55:00+00:00,True,
2026-03-08,https://data.binance.vision/data/spot/daily/klines/BTCUSDT/5m/BTCUSDT-5m-2026-03-08.zip,NEXT_DAY,,c8414d31b12ee816489d76bc8a49d2ce921edafe6fffb06005639a673797066b,NOT_PREDECLARED,True,True,288,0,microseconds,2026-03-08T00:00:00+00:00,2026-03-08T23:55:00+00:00,True,
2026-03-10,https://data.binance.vision/data/spot/daily/klines/BTCUSDT/5m/BTCUSDT-5m-2026-03-10.zip,EVENT_DAY,facbe670dafa35308f70d78e3a7abc873161200bc944007bc7e2a5441eaad1e8,facbe670dafa35308f70d78e3a7abc873161200bc944007bc7e2a5441eaad1e8,True,True,True,288,0,microseconds,2026-03-10T00:00:00+00:00,2026-03-10T23:55:00+00:00,True,
2026-03-11,https://data.binance.vision/data/spot/daily/klines/BTCUSDT/5m/BTCUSDT-5m-2026-03-11.zip,NEXT_DAY,,62f648793dff4adc8b2605da9da8726391e07322f0bb86eeb457cd42b086f6c0,NOT_PREDECLARED,True,True,288,0,microseconds,2026-03-11T00:00:00+00:00,2026-03-11T23:55:00+00:00,True,
2026-03-22,https://data.binance.vision/data/spot/daily/klines/BTCUSDT/5m/BTCUSDT-5m-2026-03-22.zip,EVENT_DAY,889ce4f80b3750aca9c25e36ef9e6d8dbcbfbd82fef2b5f43191700e6300a536,889ce4f80b3750aca9c25e36ef9e6d8dbcbfbd82fef2b5f43191700e6300a536,True,True,True,288,0,microseconds,2026-03-22T00:00:00+00:00,2026-03-22T23:55:00+00:00,True,
2026-03-23,https://data.binance.vision/data/spot/daily/klines/BTCUSDT/5m/BTCUSDT-5m-2026-03-23.zip,NEXT_DAY,,99b7646966c25137e34f1b9a7100053afca7ee6ead0b5292ded4d49c42da7ec7,NOT_PREDECLARED,True,True,288,0,microseconds,2026-03-23T00:00:00+00:00,2026-03-23T23:55:00+00:00,True,
2026-04-01,https://data.binance.vision/data/spot/daily/klines/BTCUSDT/5m/BTCUSDT-5m-2026-04-01.zip,EVENT_DAY,1cc83618a017655fe1de37d6400692ee69a1804457bda29f47423c1db732ef9f,1cc83618a017655fe1de37d6400692ee69a1804457bda29f47423c1db732ef9f,True,True,True,288,0,microseconds,2026-04-01T00:00:00+00:00,2026-04-01T23:55:00+00:00,True,
2026-04-02,https://data.binance.vision/data/spot/daily/klines/BTCUSDT/5m/BTCUSDT-5m-2026-04-02.zip,NEXT_DAY,,a61b89ace4f70a18500d2c1e6b5dda966db16d9570572798d113ced2a50368e3,NOT_PREDECLARED,True,True,288,0,microseconds,2026-04-02T00:00:00+00:00,2026-04-02T23:55:00+00:00,True,
2026-04-10,https://data.binance.vision/data/spot/daily/klines/BTCUSDT/5m/BTCUSDT-5m-2026-04-10.zip,EVENT_DAY,67b87573638d6b4d91c3cab9392eb5c386cfb66089096667ab359b98555353f1,67b87573638d6b4d91c3cab9392eb5c386cfb66089096667ab359b98555353f1,True,True,True,288,0,microseconds,2026-04-10T00:00:00+00:00,2026-04-10T23:55:00+00:00,True,
2026-04-11,https://data.binance.vision/data/spot/daily/klines/BTCUSDT/5m/BTCUSDT-5m-2026-04-11.zip,NEXT_DAY,,37f0dedd49adc946441d691dd0b74df4873e617aa7ecf9c99a609911a6b0d32d,NOT_PREDECLARED,True,True,288,0,microseconds,2026-04-11T00:00:00+00:00,2026-04-11T23:55:00+00:00,True,
2026-05-09,https://data.binance.vision/data/spot/daily/klines/BTCUSDT/5m/BTCUSDT-5m-2026-05-09.zip,EVENT_DAY,fe39cf29697d1c7e7a3b14fbcb78efe8ea5ccd012147b4998a0b7ec965588fb2,fe39cf29697d1c7e7a3b14fbcb78efe8ea5ccd012147b4998a0b7ec965588fb2,True,True,True,288,0,microseconds,2026-05-09T00:00:00+00:00,2026-05-09T23:55:00+00:00,True,
2026-05-10,https://data.binance.vision/data/spot/daily/klines/BTCUSDT/5m/BTCUSDT-5m-2026-05-10.zip,NEXT_DAY,,eaa20da871c63795df7da5363bc7f2bf9666585e61496ba3c8232c1c63214c64,NOT_PREDECLARED,True,True,288,0,microseconds,2026-05-10T00:00:00+00:00,2026-05-10T23:55:00+00:00,True,
2026-05-20,https://data.binance.vision/data/spot/daily/klines/BTCUSDT/5m/BTCUSDT-5m-2026-05-20.zip,EVENT_DAY,2dd4e05342c7386708a721c6e5bf33d79e692308f540ff3ef6d756f99f5e2be4,2dd4e05342c7386708a721c6e5bf33d79e692308f540ff3ef6d756f99f5e2be4,True,True,True,288,0,microseconds,2026-05-20T00:00:00+00:00,2026-05-20T23:55:00+00:00,True,
2026-05-21,https://data.binance.vision/data/spot/daily/klines/BTCUSDT/5m/BTCUSDT-5m-2026-05-21.zip,NEXT_DAY,,9a393c32835ddf94ee79db8e1ebaa1927c0dfab11f5f6fd908b973291daa6c43,NOT_PREDECLARED,True,True,288,0,microseconds,2026-05-21T00:00:00+00:00,2026-05-21T23:55:00+00:00,True,
2026-05-22,https://data.binance.vision/data/spot/daily/klines/BTCUSDT/5m/BTCUSDT-5m-2026-05-22.zip,EVENT_DAY,251bed92477e56cbbea4e9732b93892fd66875af652d4e4676c527d193654197,251bed92477e56cbbea4e9732b93892fd66875af652d4e4676c527d193654197,True,True,True,288,0,microseconds,2026-05-22T00:00:00+00:00,2026-05-22T23:55:00+00:00,True,
2026-05-23,https://data.binance.vision/data/spot/daily/klines/BTCUSDT/5m/BTCUSDT-5m-2026-05-23.zip,NEXT_DAY,,37b367649844cc79241a68043d4a1d10c1f2eee63e5c1a53e8a1cb458bf2414e,NOT_PREDECLARED,True,True,288,0,microseconds,2026-05-23T00:00:00+00:00,2026-05-23T23:55:00+00:00,True,
2026-06-07,https://data.binance.vision/data/spot/daily/klines/BTCUSDT/5m/BTCUSDT-5m-2026-06-07.zip,EVENT_DAY,93d00fd5d3c750055c0306d83f624d83eeb19c91393b323ba96b1dea115395da,93d00fd5d3c750055c0306d83f624d83eeb19c91393b323ba96b1dea115395da,True,True,True,288,0,microseconds,2026-06-07T00:00:00+00:00,2026-06-07T23:55:00+00:00,True,
2026-06-08,https://data.binance.vision/data/spot/daily/klines/BTCUSDT/5m/BTCUSDT-5m-2026-06-08.zip,NEXT_DAY,,c98d4d63f99eb0c781953e199421fddcd203ab4a990e572c452ee882b37b0b2a,NOT_PREDECLARED,True,True,288,0,microseconds,2026-06-08T00:00:00+00:00,2026-06-08T23:55:00+00:00,True,
2026-06-17,https://data.binance.vision/data/spot/daily/klines/BTCUSDT/5m/BTCUSDT-5m-2026-06-17.zip,EVENT_DAY,c9d590934abbd0578a95576fa6139ab91f7e12bbee915908f70b83088ddc4845,c9d590934abbd0578a95576fa6139ab91f7e12bbee915908f70b83088ddc4845,True,True,True,288,0,microseconds,2026-06-17T00:00:00+00:00,2026-06-17T23:55:00+00:00,True,
2026-06-18,https://data.binance.vision/data/spot/daily/klines/BTCUSDT/5m/BTCUSDT-5m-2026-06-18.zip,NEXT_DAY,,cd4667858543763d3884fb25bc95c5e5fa7d7c8cd55bfc81e52f10c5db8db826,NOT_PREDECLARED,True,True,288,0,microseconds,2026-06-18T00:00:00+00:00,2026-06-18T23:55:00+00:00,True,
2026-06-29,https://data.binance.vision/data/spot/daily/klines/BTCUSDT/5m/BTCUSDT-5m-2026-06-29.zip,EVENT_DAY,6baf7a43ab8a8d46eadfb4dec69571f3825edc89686e06e3d5e96e0e2613be9b,6baf7a43ab8a8d46eadfb4dec69571f3825edc89686e06e3d5e96e0e2613be9b,True,True,True,288,0,microseconds,2026-06-29T00:00:00+00:00,2026-06-29T23:55:00+00:00,True,
2026-06-30,https://data.binance.vision/data/spot/daily/klines/BTCUSDT/5m/BTCUSDT-5m-2026-06-30.zip,NEXT_DAY,,64a772c4ecefa961f48d78a82d3a6b6fab84bcb22827b8924fa0d83b7f0a276a,NOT_PREDECLARED,True,True,288,0,microseconds,2026-06-30T00:00:00+00:00,2026-06-30T23:55:00+00:00,True,
2026-07-08,https://data.binance.vision/data/spot/daily/klines/BTCUSDT/5m/BTCUSDT-5m-2026-07-08.zip,EVENT_DAY,70d235fead861f1e830af284d41e43575dd2c9523d44d06e0d7c97d9fceb8b16,70d235fead861f1e830af284d41e43575dd2c9523d44d06e0d7c97d9fceb8b16,True,True,True,288,0,microseconds,2026-07-08T00:00:00+00:00,2026-07-08T23:55:00+00:00,True,
2026-07-09,https://data.binance.vision/data/spot/daily/klines/BTCUSDT/5m/BTCUSDT-5m-2026-07-09.zip,NEXT_DAY,,e783d470dc0eb1d88c300deec4d96c6d8db0508f574c4dfd3690077d03a40b9d,NOT_PREDECLARED,True,True,288,0,microseconds,2026-07-09T00:00:00+00:00,2026-07-09T23:55:00+00:00,True,
